ball,dribbling
96,97
94,88
95,96
42,18
91,86
94,95
93,90
90,87
84,63
16,12
23,13
89,85
90,81
76,53
48,30
80,79
92,92
84,80
90,88
18,17
88,80
82,80
81,68
94,89
89,89
57,58
88,89
78,69
90,85
93,90
95,94
90,87
91,84
92,91
82,79
92,90
85,87
34,10
85,84
80,62
16,12
28,26
90,89
77,69
81,77
60,60
19,16
72,80
83,83
84,80
89,91
76,71
87,86
87,84
78,59
94,90
85,88
37,23
86,87
73,70
88,87
88,87
77,57
88,90
70,51
81,80
91,92
82,75
90,90
86,87
86,89
79,69
75,69
70,64
85,85
89,86
64,64
90,84
82,77
67,59
87,86
85,86
89,90
30,27
85,80
82,76
85,83
89,91
87,87
83,79
86,82
65,54
79,80
84,78
84,82
86,93
72,62
82,75
84,76
84,81
83,77
85,80
68,60
79,78
73,67
82,75
83,77
88,88
70,63
62,58
84,79
73,63
90,92
56,47
82,82
63,42
85,83
76,59
79,80
85,82
86,85
83,76
83,76
85,87
82,77
21,15
82,83
71,63
23,19
24,19
83,85
85,90
85,86
22,16
20,10
83,78
78,79
86,85
22,11
85,82
85,86
77,76
84,88
14,15
86,84
74,60
90,86
88,84
58,58
15,12
85,81
40,12
89,89
71,59
87,89
65,64
88,89
88,89
83,90
85,86
83,85
70,56
74,75
78,58
81,86
88,88
81,77
86,85
83,88
64,55
84,82
72,57
85,83
84,83
86,87
83,86
83,79
83,81
82,84
83,83
83,82
87,88
81,78
81,78
62,57
89,88
16,10
83,80
40,14
68,47
84,85
89,88
78,76
78,55
22,20
80,82
82,81
81,80
17,19
86,85
19,11
59,51
84,75
85,87
74,68
84,78
85,81
73,68
84,84
79,66
24,15
88,82
15,12
23,20
84,78
78,77
22,18
17,15
85,79
82,77
77,64
23,10
19,12
82,77
83,82
28,28
76,77
64,60
21,9
83,87
83,85
67,62
85,85
16,18
79,65
76,60
86,87
78,76
81,66
74,68
87,86
85,87
65,64
67,65
67,65
81,78
86,79
76,76
75,78
87,82
83,83
87,86
83,87
82,82
78,69
79,78
76,70
80,77
89,87
82,75
88,90
82,78
84,87
69,60
82,83
81,87
72,65
82,80
84,86
87,90
88,86
82,84
80,70
62,64
84,86
79,77
79,75
71,53
23,14
82,79
90,84
70,53
84,77
86,87
85,84
85,83
23,12
85,87
81,72
88,87
82,81
80,75
72,63
76,79
86,86
84,83
83,84
80,73
86,82
79,75
72,68
68,56
73,65
83,84
72,48
72,48
83,72
25,15
75,72
67,54
81,80
84,80
73,61
60,52
18,15
66,62
23,10
84,80
86,84
85,83
23,11
22,12
23,25
70,64
80,83
82,82
81,81
83,81
81,77
80,84
83,86
84,78
81,82
15,14
87,87
83,83
77,75
83,83
85,84
79,83
82,83
84,83
80,78
78,75
80,80
79,76
69,59
65,43
78,74
81,79
79,80
80,78
81,71
79,74
83,85
70,64
80,79
64,58
23,11
87,83
81,79
32,12
83,84
80,70
83,84
82,75
82,75
69,65
86,84
67,63
71,63
84,86
84,91
22,12
71,67
84,85
86,84
58,59
79,82
84,78
86,87
78,77
83,78
85,80
78,74
88,88
23,25
75,71
85,84
65,59
60,58
82,83
79,75
85,84
84,79
76,72
83,82
73,72
84,86
77,80
82,83
81,82
81,80
57,46
22,14
82,79
88,85
79,78
83,86
78,76
75,74
85,87
79,76
62,65
83,85
77,76
83,81
82,79
77,69
79,81
78,77
77,75
85,84
88,85
56,47
78,80
65,62
65,62
77,66
75,74
82,81
82,85
80,73
76,80
80,80
84,86
85,83
80,74
72,75
60,56
63,62
84,84
77,76
81,83
83,81
85,83
27,19
81,82
80,81
15,14
84,82
81,77
78,79
79,77
81,76
86,85
74,73
72,62
82,78
12,14
79,78
78,64
67,56
84,82
82,88
83,82
83,81
64,65
24,15
78,75
36,21
82,87
54,44
70,66
86,88
70,65
80,72
78,77
80,77
78,78
81,82
80,80
85,84
66,53
83,85
80,81
84,84
79,76
79,76
77,69
80,76
83,86
80,69
83,81
78,76
76,73
60,55
34,15
86,87
80,81
85,84
24,16
67,63
83,86
81,70
82,81
84,85
24,10
75,73
74,68
80,81
75,64
81,78
22,13
67,65
79,78
82,77
85,83
65,51
78,79
80,81
71,46
80,74
35,25
20,12
77,73
80,72
81,78
84,86
86,84
40,12
81,77
80,79
85,78
80,78
69,66
62,58
80,73
28,17
81,76
73,62
74,57
63,49
73,73
22,15
78,73
78,75
23,11
86,84
86,84
80,80
80,58
25,24
83,72
86,87
78,71
24,13
76,76
80,74
79,80
20,14
83,80
81,80
60,54
84,86
84,86
81,83
80,81
79,78
79,78
78,82
20,18
74,72
62,44
77,78
17,15
75,66
78,77
82,87
9,8
73,69
38,26
77,68
80,81
82,86
29,18
80,76
75,66
79,83
83,82
76,74
83,82
85,86
82,85
81,76
81,87
74,76
79,75
74,71
73,69
76,74
77,69
81,80
82,82
82,84
83,87
80,86
74,74
76,73
79,80
79,80
14,13
73,67
80,75
77,74
87,85
76,70
69,66
74,62
79,81
79,72
83,80
67,57
84,83
58,53
68,53
79,74
20,14
23,16
81,80
76,74
80,72
78,80
80,84
67,48
81,76
77,73
66,60
67,64
79,76
80,76
81,80
76,64
73,64
79,79
81,82
76,79
82,76
82,82
83,77
81,77
80,75
79,76
78,75
81,82
80,79
79,73
84,85
24,13
78,77
73,67
80,77
80,81
82,79
64,59
81,80
79,75
83,84
66,54
77,73
78,69
78,69
83,82
78,75
75,68
80,75
80,82
81,78
79,81
79,72
78,76
17,13
78,75
75,65
78,78
63,58
78,71
80,74
81,80
72,72
76,73
81,82
22,12
79,76
78,73
25,19
82,75
82,85
80,80
72,68
80,85
70,57
70,64
23,15
63,50
76,59
72,67
83,83
77,73
81,80
80,72
82,72
74,68
32,12
41,22
26,14
24,16
78,80
81,76
78,77
62,54
78,81
82,79
80,86
59,44
83,82
85,87
79,78
79,82
80,78
79,77
20,23
20,23
80,74
69,69
20,13
74,72
82,78
81,79
81,80
80,83
78,83
65,62
84,86
79,83
72,72
81,79
71,72
75,76
76,75
74,76
79,79
77,78
78,80
79,76
77,75
81,84
16,13
81,86
79,77
83,87
73,70
81,85
67,56
68,67
83,81
79,78
76,74
77,78
19,16
81,79
76,71
77,76
73,71
79,76
81,80
54,42
53,60
33,19
69,64
74,71
68,44
71,70
76,76
79,86
62,55
78,79
82,77
76,77
70,68
76,74
22,19
81,84
81,84
63,54
61,49
76,72
77,82
62,36
69,66
79,78
25,19
77,73
78,77
81,82
70,65
82,81
73,68
80,79
80,86
78,73
77,75
79,75
85,80
74,69
83,83
83,84
76,79
77,78
24,16
82,83
69,64
81,81
81,78
22,12
76,76
78,83
83,85
79,78
73,72
75,74
80,80
66,59
74,66
82,80
74,70
79,76
74,74
76,77
76,71
63,50
76,74
21,11
83,81
77,77
65,50
82,85
76,70
76,76
19,16
81,78
85,83
62,62
68,42
79,86
76,74
76,75
76,59
32,29
12,19
12,19
81,79
79,79
75,69
69,64
82,83
67,56
76,71
81,78
78,71
79,74
82,81
76,70
87,80
78,79
76,75
79,80
77,75
72,59
80,80
78,77
77,79
24,16
79,76
76,79
52,40
81,80
78,83
68,42
83,87
84,86
75,74
81,82
80,80
80,77
74,65
78,72
12,13
61,49
73,63
81,79
75,64
79,78
73,70
81,80
68,63
77,73
77,75
76,72
83,80
79,80
80,82
70,68
83,81
35,18
35,18
81,84
66,58
21,11
19,16
79,74
84,82
77,71
75,76
77,66
78,73
77,82
77,76
21,13
65,50
66,60
76,74
78,76
80,86
25,19
64,58
62,62
22,12
74,69
75,74
79,75
59,50
21,16
83,84
78,80
76,74
62,36
63,54
76,76
78,80
70,65
82,81
67,54
78,78
80,79
79,76
85,80
33,19
81,73
79,75
79,80
83,85
74,71
74,61
79,79
82,73
77,78
71,74
75,77
80,79
19,17
83,79
75,71
76,79
62,61
10,14
10,14
77,78
74,74
77,67
82,81
71,51
65,60
80,77
80,77
75,73
72,68
78,82
71,71
80,83
69,73
75,70
78,81
77,70
81,75
73,72
78,76
25,21
76,78
77,74
79,77
25,15
76,77
77,77
58,44
70,62
77,76
77,83
76,73
78,75
82,81
78,78
68,34
80,80
22,15
80,76
79,72
72,71
78,80
78,74
75,66
81,82
77,75
55,60
75,71
70,60
71,69
78,76
74,67
48,49
81,77
17,19
78,78
69,55
76,68
70,69
12,20
12,20
75,74
78,76
75,83
76,74
75,75
76,72
71,70
78,66
69,62
69,62
78,76
50,46
76,74
57,44
26,25
79,79
80,81
80,82
76,69
76,63
73,72
70,56
79,78
77,76
75,75
77,71
81,66
69,65
75,71
75,76
77,75
79,78
25,14
67,58
80,77
76,65
80,79
73,66
75,71
58,54
84,86
76,74
80,81
76,76
74,74
77,80
79,78
75,73
76,75
28,10
74,70
82,83
70,66
33,19
64,54
77,68
74,67
76,80
78,81
19,14
19,14
75,76
72,53
77,74
70,68
81,82
31,12
78,78
76,74
63,58
79,78
70,70
64,55
73,72
78,74
63,33
84,83
80,79
79,78
70,62
69,63
80,81
66,62
82,72
76,68
20,24
75,69
77,73
20,17
17,17
15,17
79,73
55,69
76,68
74,76
77,74
76,80
74,68
74,75
76,74
20,11
78,78
52,48
77,72
83,83
75,56
67,40
78,78
60,49
75,75
76,78
55,43
76,75
78,76
78,81
81,82
54,52
72,70
72,66
79,75
81,68
81,68
79,76
84,82
78,78
79,82
77,74
69,75
79,74
80,80
81,80
57,50
63,45
79,77
80,78
86,86
64,63
74,63
77,74
74,75
14,15
77,79
60,46
79,78
72,69
24,21
77,79
78,76
80,83
77,75
75,81
76,68
69,56
76,65
62,55
78,83
75,80
63,46
78,78
78,74
78,80
74,74
18,10
76,64
78,77
80,81
80,81
78,77
81,81
70,38
78,81
74,73
77,75
75,62
76,75
74,73
77,73
80,76
76,73
74,66
20,17
75,79
75,79
74,65
75,67
79,79
78,76
60,57
80,71
76,80
79,80
74,81
77,80
68,60
64,48
80,82
79,77
75,71
63,52
70,63
77,70
77,73
71,60
80,78
74,70
84,82
60,59
79,77
74,75
80,82
82,81
79,80
60,48
79,76
77,79
67,65
70,67
75,71
65,39
73,70
78,65
77,64
75,76
78,79
79,81
74,80
13,14
19,15
79,72
76,76
76,70
73,74
83,84
74,70
76,80
72,65
47,35
82,82
21,10
80,81
63,61
76,77
57,42
57,42
58,59
23,13
78,76
73,69
73,70
76,78
75,78
81,79
79,74
74,74
73,74
79,77
77,73
74,65
75,81
78,76
77,62
72,69
22,16
76,71
76,78
63,59
75,78
74,75
78,82
80,78
78,77
76,73
83,82
77,67
79,77
49,39
76,74
79,79
82,84
63,38
75,75
77,73
76,69
14,15
57,32
80,73
76,74
77,80
74,69
77,77
73,78
78,84
72,76
77,76
70,65
71,77
70,50
79,78
65,50
30,12
82,83
80,77
82,82
80,81
80,81
76,74
77,78
23,18
80,74
78,81
76,83
75,70
78,81
79,82
76,78
78,81
62,57
66,58
76,72
80,77
19,14
75,69
76,78
79,74
75,74
77,79
78,74
77,79
77,74
76,78
54,50
78,78
74,68
60,51
81,84
76,76
78,73
78,75
63,51
82,78
67,53
76,69
75,78
80,67
74,70
80,79
75,75
67,70
55,45
78,83
76,77
79,78
77,79
58,50
72,70
77,77
72,72
21,13
78,75
14,13
31,22
76,77
80,79
32,11
77,76
77,76
59,56
79,80
58,35
18,14
74,71
77,75
73,74
75,76
76,78
71,64
77,73
73,67
77,78
64,56
77,80
70,70
77,77
17,15
80,76
65,62
60,51
77,79
74,76
75,76
72,64
71,74
52,45
71,70
18,14
75,73
68,56
75,77
73,73
81,79
73,58
62,50
66,60
63,54
69,75
70,61
78,77
72,75
67,31
62,58
76,79
81,75
66,64
65,57
76,73
77,75
74,74
79,81
78,80
74,65
72,69
70,65
74,75
77,80
75,74
70,74
70,74
75,82
79,75
72,68
80,81
75,69
73,73
74,78
75,72
79,79
25,17
77,76
60,58
66,58
19,16
63,44
77,77
66,62
73,71
42,31
10,17
62,50
77,85
74,69
61,49
65,33
81,78
72,63
78,78
78,81
75,72
77,74
79,75
73,69
78,80
77,78
66,52
78,78
33,20
75,76
71,71
21,8
78,80
23,17
74,74
58,36
74,76
77,77
64,43
73,68
75,76
20,14
77,74
77,75
75,70
76,76
81,80
76,77
80,81
76,77
64,59
64,59
62,55
78,79
74,73
75,74
79,75
73,75
67,57
32,13
73,73
79,79
63,53
73,69
75,71
79,73
73,67
73,76
77,81
80,80
78,81
77,70
18,11
62,58
60,52
80,76
78,81
79,78
75,81
83,82
77,78
75,75
77,65
54,49
76,74
70,49
71,78
16,16
60,43
78,80
79,78
23,18
76,75
75,69
55,41
79,84
80,78
63,37
79,84
87,86
79,69
81,80
77,76
80,82
77,79
72,67
19,14
75,76
79,82
73,72
76,72
77,78
77,78
77,71
78,78
78,79
30,27
76,81
75,75
76,73
61,46
78,75
82,81
73,71
77,81
77,73
81,79
81,75
76,76
74,71
78,70
15,11
74,73
75,66
73,75
73,71
61,37
21,13
76,82
54,49
72,65
75,66
67,55
77,73
74,76
68,67
79,77
71,67
72,69
76,75
76,76
69,66
82,77
76,79
80,70
68,66
78,77
78,78
60,44
76,78
56,48
69,73
62,55
23,15
75,73
76,78
77,81
71,35
74,68
78,78
71,70
77,75
73,75
73,75
59,44
75,74
75,77
21,11
77,78
66,59
79,79
79,83
66,47
78,65
73,69
64,50
75,67
75,68
72,67
28,25
78,76
72,60
78,76
76,76
17,15
78,70
43,47
74,80
25,12
70,59
69,67
64,60
78,80
77,77
77,75
75,79
80,80
68,58
20,16
28,15
73,79
75,74
76,73
51,41
76,75
76,75
75,72
73,67
76,76
76,77
74,82
67,64
73,72
75,68
83,83
74,66
77,73
18,13
75,70
59,48
72,71
68,36
76,74
78,75
78,75
75,72
74,70
73,72
76,74
60,38
75,77
63,35
69,53
73,75
73,86
80,76
78,79
61,48
67,66
78,79
71,65
79,77
74,70
23,13
75,69
74,74
76,75
71,67
73,72
60,52
75,77
12,13
75,72
69,62
49,45
55,48
72,67
72,75
74,68
68,62
80,83
22,7
72,59
77,85
79,74
77,75
21,17
73,71
78,77
80,82
76,69
75,77
80,80
73,69
79,80
64,54
74,73
75,76
70,64
76,78
70,66
23,11
77,77
69,65
78,77
78,77
69,67
76,79
72,72
75,74
76,69
55,49
78,79
73,73
76,78
74,78
76,77
73,75
74,80
15,11
75,71
66,64
69,51
75,75
73,62
80,83
76,78
70,74
53,42
76,72
80,75
72,61
75,73
73,74
72,73
70,65
70,61
65,55
71,70
59,61
73,67
75,77
74,64
25,15
77,76
56,44
57,45
73,76
76,75
68,62
72,67
69,67
75,69
84,86
73,75
66,71
75,72
77,71
74,68
70,68
79,78
74,73
77,78
22,16
74,67
75,74
75,74
13,22
75,69
75,76
57,49
75,74
71,65
75,69
65,59
73,68
74,67
77,76
76,74
74,76
77,78
19,16
69,67
76,79
23,8
78,77
71,56
70,63
76,73
20,20
71,70
69,59
71,59
22,18
72,74
75,75
55,52
79,76
74,75
76,75
77,75
72,76
58,50
28,11
75,72
74,73
73,75
75,78
74,75
11,18
78,76
76,78
76,72
73,70
65,52
77,77
74,73
65,32
77,75
76,78
76,76
77,76
78,77
74,71
74,73
80,82
83,80
83,80
78,82
64,51
11,8
74,76
74,65
70,65
72,59
79,73
70,72
77,79
76,75
69,64
67,54
78,78
77,77
76,75
77,76
76,73
71,65
58,48
35,12
58,35
76,79
75,81
80,83
76,75
72,65
67,55
78,74
22,12
57,58
78,73
79,83
75,77
80,78
62,51
74,74
65,53
74,76
84,88
70,64
74,69
63,59
78,76
64,49
73,69
24,22
79,80
75,73
70,70
14,13
72,75
72,64
77,75
76,75
73,75
65,56
71,66
75,68
74,71
74,71
72,64
73,75
74,70
80,78
76,74
76,75
74,68
76,74
77,75
68,62
76,75
69,59
75,78
75,76
74,74
73,68
66,60
67,63
74,73
77,72
75,65
76,76
67,54
79,81
74,76
75,70
71,69
58,55
74,74
75,72
76,80
57,33
22,16
78,76
76,71
77,72
25,16
76,80
75,62
74,71
71,77
74,72
74,80
75,48
76,77
74,72
33,16
72,73
77,73
75,76
71,76
68,74
73,78
78,77
62,68
69,65
76,52
77,73
70,70
56,36
66,55
68,67
57,50
74,68
72,74
76,75
74,70
22,20
29,14
72,74
46,35
69,68
68,55
69,57
63,52
71,62
33,13
73,67
32,15
70,68
72,65
75,73
22,23
72,67
75,72
76,71
75,77
71,74
75,75
78,79
72,64
67,63
66,68
75,77
72,73
74,76
66,64
66,64
73,71
71,46
77,75
74,74
28,14
64,69
74,69
71,71
66,57
76,76
66,64
81,77
65,64
67,62
72,69
70,67
75,78
73,75
65,62
58,42
73,74
69,67
75,71
73,72
65,53
76,77
68,71
70,67
72,72
32,21
72,65
63,46
73,69
70,69
22,14
74,76
22,19
75,71
75,76
50,37
71,64
70,78
73,69
58,57
72,72
72,72
14,11
76,76
72,78
79,77
70,70
74,70
68,57
73,68
61,61
70,65
62,56
74,65
70,72
69,66
69,66
36,19
63,59
69,65
70,71
63,47
74,71
71,78
23,14
73,71
74,74
55,33
75,78
73,75
60,46
72,72
76,73
22,16
80,72
50,40
52,30
67,67
23,18
51,36
75,70
51,48
53,37
70,68
20,19
73,76
77,74
76,74
74,70
74,78
75,76
75,72
75,72
74,73
75,72
72,68
58,52
64,55
70,66
73,71
73,72
58,54
74,67
74,77
76,77
69,64
53,44
59,61
67,76
18,14
29,14
68,69
72,74
67,47
74,77
74,74
22,18
22,18
78,72
74,74
74,69
70,59
73,71
16,18
74,71
74,75
69,71
22,11
60,56
73,76
72,71
58,50
71,69
73,70
70,68
75,72
21,16
74,76
76,77
28,15
62,49
78,79
75,77
76,63
75,72
76,75
73,74
76,73
73,72
80,83
75,77
51,42
43,24
70,52
55,52
18,14
77,83
75,76
76,79
20,11
73,70
72,67
74,60
22,14
69,58
74,80
68,62
67,57
75,73
72,70
20,14
61,57
68,66
62,52
81,82
80,69
18,11
72,74
72,74
67,70
75,71
81,87
74,73
70,71
60,63
69,68
69,55
70,75
65,43
72,63
72,76
77,78
74,74
73,77
13,10
60,47
61,50
72,67
75,77
75,78
75,65
72,66
70,65
74,73
70,65
68,72
69,65
74,74
71,70
74,76
64,42
72,76
77,74
77,71
51,45
74,76
68,71
69,47
72,72
73,74
70,70
69,65
59,47
77,73
69,68
72,37
73,74
50,45
73,67
24,21
74,73
71,72
73,75
73,66
73,73
73,72
65,70
79,86
77,68
77,68
70,65
72,70
76,73
71,63
70,70
74,64
67,62
59,32
28,12
75,75
74,72
72,70
25,18
70,78
69,62
68,66
70,71
69,72
75,72
76,78
73,74
66,64
71,72
75,70
73,70
18,12
72,66
74,75
60,53
65,67
71,71
50,39
72,63
74,72
23,10
20,18
74,75
64,58
74,76
75,75
75,73
71,73
73,72
74,77
78,74
73,71
71,72
75,73
69,57
70,69
30,14
71,70
77,75
75,74
33,29
77,74
74,75
24,11
70,69
73,74
73,74
67,67
70,60
72,73
69,61
22,12
56,42
74,74
55,52
68,62
63,58
50,48
76,75
67,61
52,54
72,57
69,73
62,32
23,12
72,68
74,75
78,71
74,72
34,12
76,74
70,69
71,73
69,71
25,13
76,68
76,74
66,69
74,73
72,70
60,27
66,76
64,57
59,68
72,68
19,18
77,72
73,71
47,34
65,60
78,72
71,71
72,64
67,66
75,80
75,79
54,56
20,20
67,64
63,59
65,65
44,38
71,63
69,65
14,22
72,65
70,61
70,61
74,74
75,69
70,77
21,11
73,72
69,77
70,69
68,67
71,74
70,65
70,71
72,70
70,67
73,72
70,74
69,74
75,74
69,66
66,72
73,71
65,69
78,72
75,72
51,45
48,43
70,74
68,67
14,19
69,71
73,75
67,72
62,52
70,75
73,67
24,18
72,71
75,74
69,71
72,75
58,54
73,68
66,60
78,77
61,62
72,69
72,69
52,32
66,59
76,77
66,63
69,72
55,56
21,13
67,63
66,60
71,73
77,62
73,76
26,13
73,71
73,71
71,72
77,74
77,67
59,59
74,72
79,78
65,49
74,73
75,74
76,73
70,69
76,73
20,14
74,76
74,68
70,75
75,69
73,71
66,64
65,53
74,73
24,13
79,68
76,73
65,64
70,66
73,69
70,67
69,68
73,68
62,58
70,70
69,68
63,51
69,70
73,72
64,69
69,65
73,66
76,76
63,58
69,73
77,76
58,50
62,49
74,70
72,74
74,72
75,72
68,66
73,72
49,42
74,76
72,63
71,71
77,76
74,73
47,39
73,70
73,71
73,71
72,73
70,70
60,61
53,51
70,75
68,71
74,67
74,71
66,69
17,14
70,73
71,72
23,21
72,62
76,67
76,72
58,63
75,75
70,69
31,19
74,69
72,75
53,54
24,17
65,47
69,68
73,75
81,80
76,74
77,78
63,60
73,69
52,41
55,55
55,43
58,45
69,70
78,77
58,34
72,76
17,10
65,59
75,73
72,76
75,76
79,81
66,62
73,68
73,75
76,77
77,77
70,67
74,72
71,62
62,51
61,42
75,77
65,64
78,74
13,11
13,11
70,64
76,72
57,63
74,76
72,71
73,74
72,77
44,26
74,75
70,70
57,58
56,48
70,70
75,71
19,18
75,74
62,49
73,64
15,10
75,75
75,78
72,65
68,66
63,42
56,40
62,55
73,74
76,70
55,46
67,60
69,65
75,75
50,50
75,72
75,72
58,46
73,70
70,74
73,68
76,79
68,71
72,75
70,72
73,71
22,17
67,63
75,76
58,50
76,78
73,62
59,51
72,71
21,14
76,76
75,71
48,43
74,73
68,69
71,64
70,71
70,71
75,73
67,61
76,77
74,79
62,59
73,68
59,50
52,48
75,78
72,75
70,74
74,71
78,82
71,70
54,32
75,74
74,68
23,19
29,13
74,75
72,70
66,56
69,62
18,14
70,74
75,75
24,7
70,67
72,72
71,76
72,75
74,75
73,54
75,74
74,74
24,14
72,71
20,20
68,68
71,67
61,57
74,73
30,16
73,71
69,72
66,57
74,71
24,20
62,55
73,68
64,57
70,67
70,68
75,71
67,64
25,10
68,49
59,44
77,81
70,72
70,72
58,49
70,69
72,74
73,75
60,56
71,74
19,14
71,69
21,13
20,16
69,71
69,59
72,70
69,73
75,74
11,13
72,74
57,39
74,71
79,79
72,78
74,75
71,76
67,63
80,80
70,55
70,64
72,77
58,54
64,56
71,72
71,72
72,70
72,75
70,70
68,63
73,69
54,45
14,12
25,16
67,63
64,67
73,71
66,64
23,28
72,77
32,12
68,64
61,41
75,75
77,80
75,74
61,58
68,63
76,75
76,75
27,18
21,9
75,72
75,72
76,75
72,61
75,70
74,66
56,46
75,72
68,72
68,65
76,75
76,77
59,57
71,69
75,73
80,77
68,71
25,13
68,63
70,63
75,77
77,76
75,78
79,79
67,62
70,62
78,73
71,72
77,70
69,59
72,56
73,69
74,71
54,52
74,73
80,80
83,89
73,68
73,64
67,62
78,80
75,74
79,82
76,77
73,71
71,59
30,25
79,80
70,67
71,72
77,71
79,70
70,67
73,76
55,17
70,69
68,67
48,23
77,68
22,18
28,12
74,67
71,70
76,77
71,70
67,63
67,63
72,65
71,75
25,15
64,61
60,45
54,41
70,67
65,45
71,73
67,62
70,60
75,73
74,78
68,64
70,69
70,75
71,67
73,75
67,68
76,68
53,45
69,67
70,67
65,58
70,67
53,50
17,20
21,17
74,76
23,15
74,72
60,51
65,57
50,49
73,75
78,78
19,13
65,58
60,44
58,44
63,56
64,63
73,70
74,72
32,11
71,70
67,65
70,69
78,77
72,62
76,71
55,50
77,78
72,75
78,76
75,71
75,76
68,63
68,73
68,73
74,66
73,75
20,20
74,77
63,50
76,76
74,74
77,78
80,78
73,25
75,55
74,67
78,75
33,19
69,67
76,78
75,76
75,76
67,58
39,25
76,78
75,71
60,38
73,71
72,66
67,58
81,80
75,79
67,64
78,72
74,73
72,74
78,79
60,42
76,77
75,67
75,73
74,76
65,46
65,72
75,75
76,75
62,56
76,76
78,78
70,68
68,70
72,63
75,79
68,48
74,77
69,72
55,48
77,81
74,75
71,70
59,50
70,67
69,68
78,78
70,75
68,65
63,65
19,14
19,14
74,75
72,73
60,40
67,65
73,62
71,70
74,73
55,41
67,66
68,78
67,62
15,12
71,68
67,63
57,61
57,52
21,21
71,73
67,67
56,46
75,72
73,73
60,61
72,74
70,69
74,75
70,68
73,75
58,52
74,71
59,39
58,64
62,47
76,78
69,68
61,63
68,67
72,68
74,77
61,56
75,74
56,53
28,8
71,67
72,65
53,48
73,70
17,14
74,70
77,73
30,17
53,40
66,46
79,78
75,73
75,76
74,75
76,78
80,79
80,79
58,45
70,64
74,74
74,70
71,73
24,15
79,78
69,58
23,14
75,74
73,74
80,74
72,65
18,16
77,71
20,13
75,74
74,62
74,75
79,79
78,79
67,57
80,77
73,70
76,74
72,77
55,41
68,48
74,74
73,75
70,71
66,51
55,32
76,74
74,67
34,31
78,80
72,62
69,63
57,40
73,68
22,13
20,11
71,74
60,60
66,53
74,73
73,74
75,75
30,17
74,75
70,64
71,73
63,60
72,72
71,53
72,68
72,75
75,73
73,70
72,70
64,49
70,71
24,16
24,16
53,61
73,79
48,40
67,69
77,76
68,73
16,12
75,72
60,45
55,37
63,77
75,74
69,64
72,71
67,62
70,66
74,72
74,72
66,65
72,74
74,78
73,77
48,26
73,72
72,71
72,75
73,73
74,72
63,51
69,63
58,46
65,53
75,77
74,66
69,67
73,71
39,20
72,69
56,55
72,70
69,65
78,73
33,14
70,70
68,69
54,24
67,71
69,74
69,76
73,70
71,70
67,68
74,76
63,62
69,68
75,75
74,69
77,74
80,80
80,80
68,68
75,76
75,76
72,70
75,73
77,74
70,63
73,72
74,71
74,74
23,20
80,66
76,74
50,42
78,81
67,66
61,56
75,75
70,67
74,78
73,72
32,11
20,16
68,68
74,67
72,74
74,72
55,49
77,77
22,14
54,38
59,48
72,61
75,74
75,71
76,72
76,74
71,73
74,76
75,67
75,71
70,64
69,61
69,72
69,71
13,13
74,65
74,79
77,75
69,70
56,48
72,71
79,81
76,78
67,73
76,74
56,55
74,75
74,74
64,57
74,72
73,71
72,74
66,68
66,68
67,62
73,75
72,74
72,71
73,72
69,78
70,67
63,59
74,69
74,73
16,11
69,69
50,25
65,57
69,65
69,67
24,13
60,59
63,51
75,83
74,75
60,61
57,53
74,71
65,62
68,56
73,74
75,74
68,63
27,19
70,68
70,73
57,45
70,77
69,58
69,58
74,70
68,65
75,77
56,38
68,64
14,16
30,12
77,77
72,65
71,73
69,67
62,55
77,71
64,49
77,77
67,59
72,73
65,43
74,70
55,50
77,79
73,74
77,77
19,13
58,50
72,73
66,65
75,74
63,44
73,72
73,74
73,75
65,44
70,56
63,44
79,75
79,84
72,71
72,66
80,71
76,71
72,71
69,62
72,80
56,46
77,81
50,46
73,70
74,52
78,76
72,67
75,74
62,61
76,59
71,72
67,63
71,76
23,11
63,48
76,78
76,78
75,75
73,75
74,69
74,75
76,74
70,68
71,77
71,66
82,80
80,77
76,73
75,75
55,55
65,63
75,74
78,77
75,77
72,73
68,74
75,73
59,52
76,74
74,73
77,80
60,58
66,61
77,80
69,71
73,63
20,14
17,20
71,73
75,74
76,72
79,79
76,73
74,68
73,73
71,72
61,62
75,79
70,74
73,75
29,18
65,58
73,71
77,83
25,19
75,75
71,62
61,46
25,14
73,73
68,66
78,78
59,39
70,72
73,71
72,69
76,72
76,72
74,71
74,75
77,73
76,79
71,68
75,76
72,72
77,78
74,75
61,56
72,70
23,17
50,46
18,14
28,11
72,72
80,76
62,47
78,77
73,76
75,71
76,74
56,44
72,72
61,54
77,76
69,71
73,74
73,72
73,72
69,64
80,81
74,78
68,64
69,68
74,71
75,71
68,64
75,74
77,64
48,35
71,70
79,74
74,71
76,74
70,55
68,70
57,48
78,79
73,66
60,52
71,72
76,66
64,59
67,66
58,47
73,66
76,79
65,62
69,71
69,71
60,50
24,17
66,44
75,80
76,74
74,74
77,80
70,69
76,78
70,75
77,74
61,60
76,75
73,71
71,63
20,14
78,69
76,75
73,76
63,57
74,78
60,49
64,59
65,59
54,43
70,65
67,73
73,77
75,76
69,74
73,73
71,68
73,76
72,68
26,12
75,80
79,80
75,75
72,74
75,70
78,78
48,31
74,80
62,44
56,47
69,68
68,64
72,75
77,82
77,73
74,74
77,75
78,77
70,72
73,63
55,44
65,51
78,77
73,67
78,77
78,77
78,78
59,56
80,78
20,12
74,73
73,71
54,30
68,64
77,73
72,67
72,74
76,76
68,77
72,74
76,79
73,69
56,54
73,70
73,71
74,75
21,8
74,60
69,70
77,75
73,72
75,75
74,70
24,19
16,8
73,81
71,75
71,66
73,68
73,68
73,62
75,76
72,74
76,72
40,32
80,75
76,77
73,65
73,71
75,74
74,69
68,73
72,73
56,46
75,77
20,16
76,77
80,79
78,78
75,76
73,70
78,75
71,64
69,63
65,59
76,83
76,83
70,68
62,37
70,74
70,64
85,83
65,64
72,68
75,73
61,52
76,75
23,20
67,65
21,19
74,78
74,69
62,42
65,65
61,55
60,42
60,50
13,14
75,78
18,12
69,75
75,78
66,62
53,36
75,74
80,75
71,62
76,74
49,27
70,65
62,40
72,73
65,62
76,76
76,77
52,47
75,74
80,77
71,71
69,56
73,69
69,73
66,55
76,76
68,49
77,81
75,73
72,79
59,47
77,83
68,55
31,22
76,78
78,75
78,79
68,64
69,45
69,45
74,83
79,71
70,65
74,74
57,37
76,74
81,82
34,11
67,62
66,67
73,72
74,67
75,70
76,72
69,68
75,74
58,54
61,57
59,44
73,75
25,15
49,39
19,16
62,61
74,67
69,52
62,57
74,74
77,75
77,77
67,69
76,77
75,77
21,10
55,59
75,75
75,74
78,70
74,72
12,13
74,76
72,58
75,77
75,73
74,75
75,76
73,63
64,30
69,70
74,63
77,76
74,79
66,72
73,69
74,70
65,58
72,66
54,50
22,15
70,76
70,76
70,65
67,59
70,61
73,59
72,62
68,68
58,54
65,50
75,70
72,66
61,59
77,78
75,72
58,54
73,66
72,70
71,66
60,54
72,71
75,76
61,53
73,72
69,74
20,15
79,65
70,67
75,72
62,52
74,64
44,39
75,72
67,69
72,70
72,71
72,72
68,67
70,68
72,65
77,74
69,64
72,75
73,71
53,35
21,14
58,35
73,77
73,76
69,63
72,69
71,66
67,54
71,75
80,74
21,21
74,63
73,75
75,73
69,74
76,75
71,69
71,69
71,64
60,58
69,61
73,71
60,46
73,78
72,73
75,73
74,73
64,57
74,67
73,74
84,75
69,67
74,73
71,74
72,71
68,53
64,47
66,68
71,74
72,78
67,65
60,55
77,78
74,74
66,71
28,17
63,44
54,39
70,70
72,68
76,75
74,74
75,70
69,68
70,68
78,69
63,55
68,66
29,12
70,68
66,71
70,71
76,75
75,73
66,62
75,79
29,14
71,72
68,62
68,65
66,72
62,71
75,78
66,64
72,70
72,68
68,69
61,61
61,61
72,77
72,72
69,66
74,78
75,79
72,64
68,75
19,17
70,74
68,61
73,75
66,61
68,73
76,75
74,71
74,75
72,72
75,76
76,78
75,73
66,62
75,67
71,64
62,39
69,71
70,79
74,59
69,55
71,76
70,68
70,71
73,71
75,76
76,73
72,74
75,79
71,70
73,70
62,45
72,69
53,55
71,68
71,66
66,48
47,31
68,64
75,72
76,59
66,60
66,49
70,72
71,68
70,68
70,68
67,69
73,71
66,59
71,73
69,63
19,16
19,16
75,74
76,79
74,76
80,79
73,67
74,73
75,66
71,59
74,67
74,69
20,11
77,79
69,73
74,68
55,44
71,67
64,59
62,52
71,69
75,73
72,74
69,68
21,11
69,70
78,79
60,45
11,12
68,53
76,74
68,58
75,71
71,66
70,62
78,80
12,18
52,37
74,75
74,71
72,75
58,53
31,12
62,58
58,49
68,65
59,48
25,13
73,70
78,74
76,77
22,11
13,11
74,73
68,68
75,77
71,75
71,74
74,60
68,61
72,77
20,17
20,17
70,66
74,75
54,45
75,71
74,74
70,68
74,76
69,76
64,66
73,63
74,73
70,71
72,71
61,42
69,69
74,70
54,41
65,57
71,65
69,71
64,62
70,69
23,14
71,67
78,75
74,80
27,19
73,69
67,69
64,35
71,76
73,65
72,68
67,60
48,28
73,71
75,72
65,59
23,15
74,75
66,59
72,68
70,72
53,46
75,78
77,75
74,73
76,78
70,73
76,66
75,73
72,73
72,75
76,72
62,62
70,72
78,76
15,12
73,70
78,77
78,77
71,69
24,14
70,71
55,45
72,70
76,67
71,67
67,70
73,72
73,73
63,59
43,40
74,71
15,14
74,75
59,17
73,68
12,8
74,73
73,71
57,38
72,72
73,68
76,64
22,15
74,64
67,44
74,66
72,72
72,71
73,75
58,52
68,63
66,56
70,69
75,68
75,68
70,62
69,66
67,55
72,68
75,71
71,71
70,70
69,68
49,34
72,73
72,72
66,58
70,68
72,72
68,63
27,15
70,70
71,73
72,67
27,20
64,68
23,12
14,12
76,73
56,53
76,79
74,75
69,73
72,66
55,54
68,64
58,63
56,51
71,61
72,77
43,21
69,71
75,76
57,47
66,67
51,48
75,69
74,70
71,68
73,62
77,78
66,66
72,72
67,69
66,68
70,72
28,25
71,74
70,57
70,62
71,69
57,45
71,65
73,79
67,66
67,66
48,41
71,76
62,52
73,69
75,75
73,72
62,58
70,71
69,70
68,63
50,55
72,70
64,61
71,72
56,52
74,80
73,74
65,64
59,46
67,44
68,67
50,57
66,63
48,45
62,49
71,64
71,74
70,69
63,59
57,45
74,63
79,80
69,71
75,73
72,70
68,71
68,77
71,70
68,68
74,66
70,69
15,19
58,40
73,75
63,46
66,59
66,65
66,55
75,73
72,61
59,57
70,71
71,73
70,74
69,71
71,70
73,73
67,66
70,74
68,70
68,70
73,73
64,61
68,71
74,73
71,73
69,71
70,64
70,65
71,68
63,50
73,73
70,63
70,68
18,16
71,72
71,73
56,42
50,36
70,72
20,11
63,64
61,43
62,71
73,71
73,71
70,74
68,52
35,11
15,14
25,13
27,29
71,66
70,72
60,45
78,72
72,74
59,56
73,74
68,76
74,76
71,71
52,40
68,65
68,71
75,80
70,68
75,74
55,48
74,73
70,72
69,66
66,65
69,64
71,64
59,51
78,67
70,51
68,65
70,68
71,70
71,70
52,53
43,27
77,66
72,69
73,77
69,64
64,64
55,46
71,70
70,59
68,70
59,31
70,74
74,76
56,48
71,65
62,51
68,69
70,69
66,66
69,69
18,19
69,67
32,14
67,65
72,71
74,72
75,77
61,30
64,65
68,70
72,70
70,72
69,68
68,68
68,67
27,17
56,42
70,62
66,69
72,71
18,15
68,71
72,67
68,67
71,75
54,32
20,12
68,76
73,75
65,39
69,59
66,57
69,71
71,69
66,63
54,38
63,63
70,70
64,64
64,64
73,70
69,58
46,45
68,56
73,70
63,52
67,66
24,13
72,72
53,47
51,34
77,76
75,77
69,72
71,72
67,73
68,66
59,67
67,57
63,65
72,71
72,68
76,68
71,72
68,73
62,57
73,71
71,75
70,71
55,48
73,73
19,14
61,55
77,70
72,68
71,75
58,44
67,23
73,78
64,67
71,66
74,72
69,72
72,74
71,74
71,72
60,56
69,70
71,71
68,63
67,65
70,73
68,58
62,53
53,37
65,59
73,59
69,72
69,70
73,74
73,74
71,74
73,77
74,76
65,60
74,62
65,66
72,69
70,68
68,74
22,15
74,71
38,26
70,68
71,68
59,44
63,64
69,68
71,65
75,75
75,73
11,11
67,69
73,68
69,68
69,77
63,60
56,49
51,43
59,56
71,69
65,59
70,68
67,63
19,16
58,55
68,73
57,55
72,74
70,67
63,60
75,71
18,13
18,12
74,74
61,55
61,49
72,73
71,67
71,67
72,64
75,74
74,77
69,66
70,71
69,66
76,69
72,74
70,68
71,71
71,57
71,57
53,43
74,62
76,75
66,52
74,72
55,31
70,73
72,70
70,64
74,68
58,51
71,71
63,60
68,69
18,17
64,61
72,64
72,68
72,74
71,75
75,73
71,72
33,13
63,67
72,73
66,67
70,65
72,72
72,73
71,75
74,76
72,68
56,50
71,72
63,64
50,50
71,68
61,29
68,70
73,73
63,61
61,52
76,76
56,52
52,22
66,64
70,64
72,74
75,74
59,57
55,39
58,57
70,70
74,68
62,52
24,11
75,67
12,14
72,74
20,11
20,11
60,53
71,73
74,77
72,68
70,66
60,44
74,75
73,72
66,64
54,29
67,66
66,65
68,62
75,74
56,50
69,72
66,46
70,71
66,62
73,64
72,77
53,47
72,66
61,47
69,53
65,67
71,67
71,72
70,71
73,70
68,69
34,12
71,75
69,57
68,68
19,18
75,73
72,71
72,77
16,10
71,67
65,70
75,78
67,63
69,70
72,73
71,69
65,62
73,73
69,68
71,68
71,69
63,53
55,40
66,65
24,15
70,68
62,50
70,73
58,51
58,51
69,68
71,72
55,43
75,74
69,73
50,40
70,69
68,67
68,71
80,76
71,75
70,71
73,67
77,64
78,75
75,76
56,45
73,68
67,40
64,67
68,69
42,30
60,60
73,71
70,71
74,72
73,69
73,67
69,72
69,66
71,74
63,61
73,79
74,74
70,70
75,74
66,74
70,70
72,74
72,65
54,41
22,13
68,70
69,59
23,13
67,69
33,45
70,68
21,8
70,68
70,74
69,59
58,57
71,68
67,49
73,74
65,62
67,72
72,72
72,73
72,73
65,66
70,72
71,69
34,12
64,60
71,74
23,12
74,75
73,65
68,63
68,66
72,66
71,71
74,76
71,71
17,12
64,57
73,69
68,59
52,46
21,19
53,36
75,70
73,72
76,74
21,9
67,69
68,53
68,64
66,58
23,16
72,73
64,61
63,61
73,70
75,72
68,63
21,14
60,36
74,70
73,73
72,63
69,64
77,71
77,75
69,70
51,40
71,70
71,67
76,75
75,76
74,70
68,72
63,60
74,73
22,12
68,65
70,71
68,67
54,34
54,34
74,75
73,74
64,58
70,75
22,16
73,72
58,59
63,46
64,59
74,74
62,60
79,73
22,18
63,70
68,65
67,68
12,14
69,78
49,26
18,20
44,26
34,15
68,74
75,76
68,62
73,70
15,14
70,69
72,72
11,18
71,69
21,14
74,78
73,72
69,69
67,66
67,69
67,58
54,56
74,69
72,75
72,61
72,69
60,52
69,69
71,69
72,72
69,71
72,76
71,69
10,20
73,75
72,67
79,66
55,40
57,51
24,14
70,70
72,72
62,42
62,42
46,39
65,66
73,70
43,47
73,69
55,51
60,55
70,58
61,38
60,54
70,71
58,50
71,64
76,75
70,58
76,43
67,61
72,69
74,68
19,20
68,64
37,16
64,58
73,69
70,68
71,70
73,69
68,60
73,75
70,68
65,68
70,75
24,12
73,72
74,76
73,70
51,42
73,69
65,59
58,39
20,11
75,76
74,67
64,62
60,42
67,69
72,67
73,71
71,60
74,68
44,16
62,57
60,40
66,67
65,68
73,71
55,34
70,72
67,58
68,64
68,64
17,14
68,74
67,64
61,56
71,66
69,67
66,63
75,58
69,69
67,67
72,69
46,42
55,45
74,69
62,66
15,12
72,69
70,68
67,64
69,67
73,72
69,67
74,73
73,67
71,68
48,22
18,9
21,13
73,63
64,56
22,15
71,72
72,67
76,75
73,76
70,72
51,45
72,73
22,18
35,32
23,10
64,57
68,66
62,44
64,66
70,71
72,77
31,18
70,55
71,66
54,54
9,8
74,68
60,35
73,74
62,47
70,71
64,66
74,73
67,64
67,64
23,12
73,71
30,13
72,69
66,64
71,73
71,70
70,63
72,67
27,14
69,75
71,63
73,64
67,71
69,67
66,61
68,70
62,62
62,48
21,16
69,72
74,75
75,73
69,71
66,58
65,62
68,72
70,74
20,15
64,67
68,73
74,76
54,37
59,49
52,22
73,63
72,74
71,70
79,72
73,61
73,69
25,14
70,71
61,50
72,73
73,71
67,67
75,75
18,14
66,55
67,64
70,66
72,68
64,68
67,67
73,71
69,68
72,73
72,74
68,68
68,68
69,67
62,52
62,54
69,64
64,65
65,62
75,72
68,66
64,65
73,71
61,63
71,74
55,44
67,65
14,12
72,73
72,77
24,12
52,41
8,7
72,49
70,72
67,61
63,65
72,70
70,72
72,70
68,69
71,66
59,48
64,60
62,32
70,61
68,64
50,47
60,59
71,70
74,66
71,65
71,74
64,65
68,64
66,64
30,25
68,65
72,70
78,75
65,64
68,67
73,76
69,70
69,71
30,11
52,53
73,73
62,57
58,47
17,9
70,66
71,59
71,59
68,70
70,71
74,69
70,66
54,42
73,70
69,70
67,71
68,64
73,70
73,69
72,75
67,63
64,54
61,41
71,66
72,71
70,68
68,67
56,67
69,75
59,18
66,64
66,64
52,33
62,60
56,51
71,72
25,15
50,26
23,20
69,71
69,70
54,39
62,59
17,11
74,71
66,73
22,20
61,58
72,71
69,69
71,71
66,67
48,58
64,63
66,63
54,44
69,64
71,68
72,68
63,65
68,67
65,60
67,66
51,50
70,47
70,47
71,69
15,15
64,52
69,68
67,63
68,67
46,38
62,51
71,64
57,44
66,61
58,64
58,55
67,69
60,55
21,13
66,67
65,67
81,80
66,69
63,60
73,70
72,59
23,17
51,33
52,39
65,59
61,33
19,17
32,12
20,20
53,46
51,20
65,51
61,57
63,60
65,63
66,69
66,68
72,73
68,69
68,59
69,59
70,70
66,69
69,66
46,33
54,48
65,59
50,28
59,49
68,67
68,66
65,61
64,67
50,58
67,72
63,56
61,57
70,69
70,69
69,67
73,69
65,60
56,41
59,55
71,75
62,46
68,66
67,65
68,71
73,62
62,58
68,71
69,67
74,68
65,54
69,63
68,74
67,63
51,26
67,66
65,63
59,39
62,69
65,60
69,67
63,53
68,70
61,57
69,69
63,54
59,37
68,71
70,74
20,14
71,73
69,64
71,68
48,37
68,69
63,60
54,30
62,58
60,33
29,14
67,70
70,69
74,70
69,68
69,66
68,67
71,69
49,41
58,46
67,69
73,78
70,68
67,67
65,66
70,69
70,69
62,60
18,9
69,69
63,67
68,61
70,67
68,63
55,53
20,19
66,68
23,14
67,72
68,66
65,65
69,73
65,62
64,58
70,72
69,62
66,74
70,72
69,66
66,67
72,73
60,42
65,57
67,68
68,66
67,67
43,40
23,14
69,67
69,76
48,36
70,70
68,70
70,72
64,61
66,69
76,72
66,68
74,61
66,65
20,12
57,37
68,65
70,65
17,16
68,75
68,62
71,69
67,58
63,59
71,74
65,66
64,60
74,74
57,38
68,68
67,68
67,68
50,42
70,72
72,76
71,62
70,74
74,79
67,60
66,58
62,68
74,75
67,56
66,74
68,69
63,58
68,64
53,50
67,69
75,53
69,47
67,64
66,68
23,15
66,59
63,68
57,38
66,66
70,72
68,69
70,66
67,75
62,66
63,55
71,73
72,72
71,68
67,73
57,49
73,57
21,17
73,70
61,65
68,67
65,65
72,72
66,62
71,70
67,61
69,69
56,45
64,56
70,73
67,63
67,59
69,71
68,63
55,51
75,73
69,70
68,65
70,69
70,69
65,62
71,72
67,64
70,45
67,68
68,58
64,51
68,68
70,71
61,67
70,71
60,53
70,68
58,49
63,64
69,73
70,69
70,70
67,66
22,14
70,69
70,70
68,73
72,71
16,14
62,50
62,59
70,71
69,71
70,67
69,64
73,74
58,48
55,53
66,64
68,69
32,22
71,73
62,58
63,52
74,72
52,48
69,67
66,71
70,60
71,68
75,72
52,39
54,30
68,62
75,66
74,69
71,68
67,66
59,45
59,58
65,66
75,74
70,69
66,67
74,72
58,52
67,66
69,65
69,71
73,75
78,77
71,80
69,67
68,62
15,15
71,66
67,74
67,65
74,77
70,57
27,18
72,64
72,64
69,67
42,27
64,62
24,20
62,61
70,71
70,73
71,65
67,69
72,59
70,71
70,68
61,64
63,54
70,66
67,67
74,57
64,66
70,69
46,40
73,75
22,21
74,75
70,68
72,70
20,12
66,59
68,67
69,64
68,67
67,63
55,36
62,46
61,39
72,75
66,69
68,56
75,70
64,73
70,65
43,28
70,73
68,67
73,75
55,57
17,12
66,64
66,66
57,45
72,74
71,68
72,72
67,56
72,61
56,35
21,12
50,40
70,71
70,74
72,66
72,66
71,67
73,64
24,18
58,56
69,72
73,72
73,76
52,48
70,68
20,19
66,63
70,74
35,15
24,11
31,27
67,72
33,20
71,70
67,67
67,64
67,64
67,66
71,73
76,73
73,76
61,49
72,67
72,63
72,69
59,55
67,69
60,24
70,67
62,52
55,42
27,22
35,24
67,64
68,66
72,68
69,71
15,18
75,78
62,46
69,68
65,66
70,72
45,46
55,35
66,61
15,11
73,73
72,71
55,62
57,41
72,70
67,72
64,72
14,11
75,77
75,77
68,58
62,58
65,63
77,75
71,75
72,69
63,64
69,70
25,11
66,61
70,75
69,59
46,45
69,66
71,75
70,71
63,58
68,71
71,68
73,72
75,69
68,66
67,74
68,68
76,77
70,75
65,66
72,68
64,68
71,74
71,74
72,74
72,74
67,58
23,13
73,75
68,65
75,70
54,44
68,69
56,53
73,67
67,65
69,67
63,58
72,68
69,63
58,39
41,39
68,70
69,70
73,62
59,51
69,71
67,68
22,16
76,83
65,59
68,56
63,64
63,64
23,19
46,37
65,57
70,73
71,77
16,20
32,13
69,68
68,70
70,67
24,15
62,61
25,11
60,52
65,60
70,74
73,78
67,63
70,72
75,77
74,74
74,77
71,72
25,15
74,77
64,63
69,74
66,59
71,74
22,12
66,69
32,13
78,74
44,35
70,71
64,39
74,67
64,66
69,72
72,66
70,66
77,72
57,52
49,33
69,70
72,74
65,57
71,77
14,13
73,78
72,67
66,60
65,66
60,53
66,67
50,44
71,71
70,65
16,11
71,71
71,71
75,45
70,70
61,51
66,61
68,69
42,44
16,20
70,71
23,17
18,16
67,65
67,68
70,72
72,65
52,29
70,70
67,65
70,71
73,68
68,65
72,68
65,74
17,15
64,57
67,66
69,64
69,55
77,75
71,55
68,66
20,13
72,74
64,58
71,73
71,77
62,60
67,65
69,66
67,65
66,69
75,77
62,58
65,66
63,52
73,58
64,57
74,73
66,66
44,41
71,66
71,72
68,72
61,55
63,64
68,68
70,74
55,39
48,30
67,57
73,70
73,70
66,69
72,68
67,62
70,70
70,63
68,66
62,63
64,61
66,63
52,43
69,71
70,63
66,64
54,39
71,70
70,67
52,47
68,70
66,62
69,71
65,60
63,72
69,71
70,72
73,76
67,72
65,68
67,66
74,72
66,64
72,70
71,69
19,17
71,70
69,69
40,24
52,51
74,80
68,70
63,62
15,11
67,61
64,59
75,73
39,41
70,70
63,67
58,57
74,74
66,61
59,35
74,66
55,49
67,64
66,67
71,73
72,74
67,73
73,65
54,48
54,48
68,64
55,54
62,52
73,70
66,63
68,62
54,39
55,55
61,56
72,74
67,68
75,73
66,58
66,72
70,74
73,76
70,74
67,65
67,71
72,69
74,74
69,63
70,71
73,68
73,72
69,59
55,45
70,63
72,65
73,70
46,28
75,77
71,73
72,76
66,67
72,73
72,71
70,67
48,32
75,75
71,78
60,32
57,44
23,15
74,67
70,59
49,35
65,60
46,42
73,74
74,75
68,72
72,74
65,47
71,75
68,59
72,66
70,67
74,75
69,65
69,65
20,11
69,72
65,70
71,67
64,65
69,67
72,71
69,68
65,65
10,12
72,68
70,71
73,75
60,50
73,62
56,47
72,68
67,57
68,61
69,73
71,72
70,72
65,64
61,56
67,61
68,60
69,60
65,71
67,66
68,63
75,70
74,75
70,72
65,59
53,46
69,66
70,61
71,67
64,59
71,71
64,62
69,76
66,64
68,67
20,16
69,64
71,72
70,71
72,76
55,38
64,58
69,69
69,75
68,65
69,64
73,66
55,31
65,61
70,65
63,61
63,61
15,9
69,65
72,68
53,32
64,46
74,75
51,42
65,59
70,73
71,66
73,69
70,65
76,70
71,67
74,68
66,55
70,74
71,59
26,13
74,62
60,46
73,70
69,66
67,69
67,69
52,53
19,13
73,73
72,69
59,55
59,65
70,65
54,56
71,63
66,43
51,44
70,68
76,75
65,66
69,73
71,73
67,65
68,72
65,70
70,73
74,74
24,15
74,74
64,53
68,68
77,59
73,70
72,70
70,71
53,40
65,60
64,68
22,13
63,63
68,63
68,63
74,70
71,71
68,69
66,66
72,74
64,67
59,49
72,63
55,38
68,65
21,13
65,69
53,49
67,62
68,71
68,70
69,67
70,66
46,44
75,48
55,50
49,38
70,64
72,68
59,48
70,55
65,63
70,71
70,73
51,50
71,75
70,70
70,63
64,73
75,71
67,75
54,48
57,31
67,66
70,68
70,75
65,60
72,68
72,65
71,70
75,72
69,69
63,66
21,14
67,68
37,32
48,38
69,71
60,60
64,59
63,64
72,67
68,64
52,38
69,64
69,64
70,75
65,62
70,72
53,38
50,37
68,65
73,66
61,59
19,17
66,66
22,20
66,62
68,72
70,72
64,57
71,67
53,45
65,55
65,69
69,69
15,17
61,51
20,17
65,61
74,73
69,70
70,66
71,70
67,62
70,71
61,55
67,66
69,70
72,72
69,68
18,16
71,72
72,67
50,35
55,30
67,70
69,67
71,70
67,64
67,68
66,60
70,70
44,31
66,65
71,66
66,63
59,56
73,68
62,67
19,19
68,67
54,48
71,70
70,63
65,68
65,68
72,67
64,52
61,66
63,61
71,77
67,66
67,68
60,56
58,39
52,35
69,72
66,69
38,17
65,68
67,72
71,73
69,64
67,59
75,68
72,74
69,74
76,66
70,62
60,59
68,75
62,55
71,73
70,57
70,69
54,53
69,76
67,65
67,58
72,69
72,73
72,70
72,70
70,72
65,75
58,44
23,21
72,70
59,51
74,76
72,69
74,74
58,18
67,68
71,72
74,74
68,66
66,71
66,56
23,20
72,69
60,44
68,64
69,71
75,75
63,63
63,63
67,67
61,48
76,77
69,68
56,62
58,32
68,67
68,69
68,68
67,73
71,72
20,10
65,60
76,77
74,78
74,70
66,67
68,65
52,38
64,50
69,69
70,68
66,64
69,58
47,48
72,71
66,62
25,14
65,65
72,68
65,50
64,62
69,67
68,36
70,72
73,72
72,80
73,68
73,64
73,70
66,70
68,69
67,68
69,67
22,15
74,73
66,70
69,74
60,48
71,69
66,65
73,71
56,53
72,69
73,72
72,68
72,70
57,45
71,73
40,12
40,12
68,71
55,39
52,40
34,16
70,62
14,13
63,63
64,61
68,70
66,62
67,67
71,69
68,63
68,67
71,67
64,67
54,55
67,69
69,70
61,55
18,11
71,74
66,48
48,38
69,72
68,61
61,68
67,66
68,67
74,78
67,69
65,62
68,68
70,71
68,74
66,67
66,66
75,71
65,62
67,65
23,13
60,57
66,65
71,74
58,49
60,59
59,52
67,73
65,63
14,13
21,13
68,60
68,61
23,12
63,57
65,63
72,64
69,66
58,38
63,56
63,56
17,10
60,67
68,54
66,65
72,70
57,32
66,64
71,73
20,18
64,56
64,72
67,65
47,32
71,69
72,69
68,68
55,49
68,69
61,38
70,66
39,34
60,45
42,35
65,66
74,73
64,39
67,70
53,44
76,74
71,71
29,29
59,50
73,71
70,68
75,73
66,69
67,64
67,67
73,67
30,12
68,68
63,67
55,36
68,64
65,63
18,18
51,28
59,67
57,51
18,19
43,44
52,50
68,70
61,62
61,64
69,68
69,61
65,71
51,42
64,58
64,58
68,71
66,69
64,59
30,14
68,70
16,10
63,59
69,68
66,64
68,67
64,63
67,69
68,58
56,54
69,66
69,60
67,62
70,72
19,14
60,47
65,68
64,56
69,72
67,72
47,31
75,71
71,73
50,63
72,69
74,76
54,48
68,70
48,37
75,70
72,66
53,50
64,66
24,16
73,71
51,50
70,70
63,54
68,65
68,72
72,72
18,20
72,73
70,69
69,66
70,69
71,75
25,18
55,51
15,8
56,39
71,70
69,67
63,60
68,58
18,20
18,20
31,19
24,22
65,63
69,65
26,12
65,62
21,11
65,73
69,70
66,67
74,78
60,41
72,63
63,59
71,72
71,72
16,20
70,65
22,10
70,65
69,61
69,64
68,65
67,65
46,38
68,53
64,70
70,70
66,65
72,75
70,73
73,74
72,74
69,68
60,46
70,77
57,60
70,68
76,75
66,65
72,64
71,70
67,64
67,70
71,65
71,65
69,62
61,59
74,72
65,65
70,76
68,64
66,64
50,41
74,74
74,74
14,18
60,51
72,64
66,64
68,57
63,50
69,73
55,57
71,72
73,70
67,71
21,17
70,75
73,73
16,17
66,66
67,68
73,71
71,66
67,65
68,56
66,71
69,67
68,73
71,68
24,16
76,74
73,69
23,18
66,63
71,75
70,68
66,72
69,67
53,31
75,70
69,61
66,65
70,63
25,20
69,73
68,65
63,59
70,67
70,68
68,69
65,67
74,65
21,9
70,73
70,73
42,25
62,61
61,55
64,52
23,12
65,67
66,56
71,72
18,22
70,75
45,42
70,71
22,15
41,36
67,65
61,53
48,29
68,68
67,64
63,54
24,13
70,66
23,15
69,70
65,66
45,40
61,60
65,70
44,28
70,71
49,35
22,12
70,72
62,58
67,64
66,71
70,74
70,67
58,59
68,65
66,68
66,65
69,66
65,61
68,68
65,63
73,72
70,66
71,70
23,15
72,70
71,67
67,64
69,66
55,39
56,30
63,30
74,74
15,14
64,63
64,63
69,72
76,71
69,72
51,33
20,10
73,67
70,72
61,56
18,16
48,41
67,70
69,68
69,67
19,20
67,69
67,68
67,65
48,35
64,61
69,71
62,60
66,68
64,65
69,67
74,73
70,71
51,31
59,58
60,58
57,49
74,69
62,38
61,45
66,71
66,71
70,68
69,69
61,55
69,66
24,19
22,9
71,64
68,65
67,64
70,73
21,15
68,63
71,62
24,19
68,71
48,35
40,42
70,75
66,68
21,16
66,61
67,63
68,67
70,74
42,44
42,44
71,66
66,66
66,61
65,61
24,12
66,69
24,14
66,66
22,24
71,71
24,18
58,57
23,17
71,70
65,60
57,46
49,32
63,59
70,68
48,30
68,67
62,54
66,62
75,69
64,63
71,66
66,71
74,63
70,69
68,70
64,53
77,74
74,82
75,76
65,60
72,68
19,19
65,56
68,59
67,61
65,65
53,32
35,27
69,70
64,68
23,12
68,63
66,65
55,53
72,73
69,61
70,73
51,30
45,38
70,72
20,17
65,62
69,71
22,16
64,33
64,33
68,66
70,52
60,51
65,59
74,72
69,60
68,71
68,66
19,17
69,69
70,67
22,11
72,65
23,17
69,68
71,68
55,68
70,67
29,28
66,69
73,65
69,62
68,78
72,77
62,65
23,12
71,70
67,62
73,70
68,69
70,76
64,60
55,40
73,66
68,65
66,65
69,73
48,39
71,70
62,42
16,11
67,63
47,32
67,75
59,32
69,72
62,59
69,76
19,13
71,64
23,13
68,72
68,67
70,69
67,73
62,57
53,36
18,13
67,64
65,49
65,49
70,68
72,69
65,61
65,56
66,51
66,63
70,73
62,61
64,61
68,69
68,66
66,68
63,55
33,23
71,63
70,73
60,55
72,71
67,73
59,40
64,67
65,63
71,66
52,45
69,70
63,48
67,58
51,44
74,76
28,10
71,71
65,63
75,76
52,50
66,61
67,75
69,70
19,12
70,65
70,73
70,72
64,39
58,30
66,60
71,70
71,72
63,61
59,31
52,38
73,66
66,63
73,72
60,67
64,73
69,65
58,56
70,71
58,35
68,57
69,66
69,66
58,56
72,68
24,19
69,61
42,26
63,53
64,65
76,75
63,62
71,70
74,72
65,68
73,74
71,71
67,67
63,61
35,11
66,68
69,69
70,67
70,67
20,14
69,68
68,73
67,59
67,60
64,67
15,11
63,53
67,67
69,72
66,67
47,43
65,59
67,64
68,68
61,73
54,72
64,57
70,67
65,69
70,75
69,68
69,75
69,67
66,65
58,40
69,71
63,58
68,65
70,69
61,60
67,63
70,71
68,64
67,69
62,61
57,57
57,41
66,64
66,64
60,58
70,70
55,56
66,75
20,16
74,67
64,63
54,48
71,61
68,69
65,67
65,73
51,56
10,11
53,33
64,58
63,63
69,66
20,14
69,66
64,62
66,62
68,67
65,64
12,10
68,73
64,45
66,64
66,64
23,11
69,65
55,42
69,72
63,55
71,68
73,64
64,62
25,11
68,63
63,64
63,59
65,65
69,59
66,69
66,65
48,39
64,64
64,65
65,67
62,58
68,64
22,17
65,64
25,11
71,72
66,66
70,72
67,63
68,66
68,64
68,64
73,64
66,66
75,73
63,52
62,54
55,38
44,42
68,61
63,57
66,65
45,33
70,72
68,73
72,64
19,20
67,69
68,59
64,64
62,51
20,15
66,62
64,72
67,70
67,73
61,62
70,73
70,67
76,75
71,66
63,66
17,15
60,45
62,62
16,18
68,70
66,66
68,70
65,46
68,67
67,67
69,65
64,61
33,24
62,66
72,65
71,72
71,70
63,68
23,20
56,50
68,71
68,69
64,64
63,62
60,60
60,55
63,62
63,70
65,61
62,55
62,55
65,61
64,62
14,20
69,71
70,74
69,67
67,69
69,73
35,20
68,60
68,67
73,75
64,65
68,59
49,25
13,14
66,39
68,65
45,39
70,70
25,17
69,72
64,68
68,70
65,63
51,35
66,64
60,57
62,67
68,66
65,62
67,67
70,66
64,59
65,67
70,62
53,34
66,62
65,64
60,55
69,68
70,66
22,11
55,37
67,64
65,66
20,19
58,35
16,10
22,14
64,31
66,59
67,69
66,68
66,70
72,70
70,66
20,15
59,56
74,73
74,73
50,53
57,62
74,72
71,69
65,63
67,68
62,63
69,65
59,53
61,36
65,68
70,73
70,66
68,67
67,65
66,69
55,39
65,66
58,60
65,62
64,64
69,70
68,65
69,64
63,57
65,67
62,59
67,66
64,68
70,64
70,57
66,61
73,65
23,18
64,59
56,52
68,71
62,68
68,66
65,66
70,72
72,67
66,65
64,61
64,68
53,30
24,27
48,24
57,66
68,68
14,11
68,73
72,73
70,67
71,74
66,72
66,71
69,66
70,68
65,69
65,69
66,63
69,68
57,27
48,28
44,40
18,13
65,65
58,57
66,53
74,69
69,73
66,67
72,69
45,38
46,39
64,68
53,45
63,41
67,58
17,13
72,65
65,63
70,67
25,13
71,58
70,72
66,61
70,69
71,68
68,70
24,20
65,75
67,64
66,70
56,64
62,65
65,66
70,71
67,70
58,56
71,68
20,18
42,28
71,70
55,44
70,68
69,65
71,75
42,41
65,50
65,59
64,69
67,69
65,62
68,67
20,9
72,71
64,60
54,44
24,11
24,11
69,72
21,14
64,66
57,59
71,69
71,67
66,69
68,63
67,65
67,60
53,40
70,73
71,72
64,60
68,66
73,72
55,39
67,65
48,35
69,68
70,70
44,37
62,45
14,13
66,64
65,55
68,71
58,54
71,68
70,68
64,62
64,69
75,73
21,20
66,68
72,65
72,74
21,19
57,59
66,58
70,59
70,68
66,63
74,70
65,68
61,54
66,65
68,56
63,62
68,68
69,65
68,69
68,65
24,11
67,73
70,71
56,58
61,52
64,59
71,74
71,74
52,32
63,68
56,48
17,14
54,55
65,59
57,48
67,41
68,62
45,40
61,66
65,66
72,75
65,64
61,46
71,73
70,72
66,63
65,64
69,70
62,54
59,52
16,13
68,77
68,67
63,59
58,62
67,61
50,43
21,14
69,72
60,50
67,70
64,58
70,65
73,70
65,66
69,69
65,67
19,12
65,65
71,77
67,43
60,66
63,57
68,67
71,69
56,32
56,54
62,60
17,21
49,29
69,61
68,65
71,66
62,60
72,71
57,63
65,64
66,63
66,63
70,66
68,70
64,64
52,35
70,72
68,69
75,71
62,53
68,65
21,12
60,52
70,62
67,63
67,60
70,72
67,64
51,40
63,56
71,66
63,62
61,59
68,60
67,56
62,63
65,63
57,38
67,74
72,74
64,66
68,63
72,67
21,18
64,64
69,68
66,66
75,72
69,68
69,73
30,16
62,50
69,77
59,47
18,12
59,48
51,50
62,62
54,31
70,71
68,67
67,65
65,67
63,58
70,64
70,68
69,70
35,26
67,67
73,73
61,67
62,58
62,58
70,69
66,64
73,73
69,65
55,54
69,64
73,67
60,59
66,62
48,44
15,10
62,65
65,67
69,76
72,76
72,63
52,46
31,17
68,72
66,69
43,35
64,62
66,63
64,66
68,66
65,68
64,67
66,66
67,42
19,13
72,71
40,28
45,31
63,40
59,40
65,66
48,23
66,62
68,63
66,72
52,45
63,62
50,58
68,72
59,36
67,68
48,31
68,69
68,68
68,71
67,60
69,67
38,29
62,61
61,49
67,58
63,62
51,46
68,67
61,63
61,63
27,13
63,60
18,15
69,67
63,65
28,23
69,70
26,17
66,64
68,70
21,15
67,68
59,50
66,67
69,75
61,58
69,71
15,11
72,68
68,72
60,25
68,68
71,74
69,70
66,58
65,59
72,70
66,67
31,22
15,10
67,65
51,37
70,72
73,69
69,73
69,73
64,62
57,43
69,60
25,15
66,53
70,71
72,73
68,71
64,62
66,53
66,75
64,60
24,16
62,67
49,57
66,69
70,63
46,32
67,64
64,53
68,73
66,76
64,64
63,62
63,62
65,63
67,65
61,48
18,20
69,70
73,71
64,68
70,69
66,67
56,52
71,72
62,59
63,70
64,62
69,66
65,66
70,74
65,63
70,71
68,67
68,71
71,70
71,69
73,72
15,14
71,69
68,72
60,58
58,52
68,68
62,55
70,66
71,65
57,50
61,54
62,68
65,61
68,70
68,67
66,71
26,16
23,13
55,59
67,64
68,70
64,57
20,12
71,67
72,68
68,70
61,53
54,47
73,65
71,64
65,62
56,51
24,11
72,68
65,61
64,68
64,68
68,68
69,60
71,67
14,7
50,44
66,65
66,68
65,63
66,69
68,66
70,72
74,75
67,66
68,66
70,49
65,65
69,67
51,34
69,65
64,59
62,56
65,60
72,68
57,53
71,65
61,62
18,13
72,68
72,74
60,56
67,64
65,63
76,71
12,11
60,58
29,22
66,61
69,67
71,73
72,70
55,42
73,67
59,48
67,55
67,66
67,72
66,65
65,60
58,44
50,38
63,54
65,60
73,72
52,35
69,67
13,11
40,32
68,61
68,72
69,66
69,66
75,72
63,64
50,36
70,70
72,72
61,64
70,71
64,63
55,49
59,54
67,62
64,59
20,10
45,48
59,57
54,32
67,65
65,57
68,67
69,67
65,69
66,62
68,60
49,46
51,36
65,63
63,58
63,62
70,72
54,25
67,60
65,63
73,74
66,61
60,62
62,57
66,64
73,71
70,70
73,68
57,50
63,66
68,71
70,74
70,65
73,66
73,70
75,69
66,59
16,14
70,75
72,73
65,69
25,21
66,71
70,73
69,68
66,65
71,76
65,68
65,68
17,12
22,16
65,66
75,74
68,72
52,31
66,65
54,40
66,65
64,58
67,66
69,72
24,10
58,38
54,44
68,69
67,64
23,15
71,70
67,70
69,69
65,63
57,56
65,64
66,65
63,61
24,16
70,70
22,16
65,69
64,61
68,69
66,69
20,7
65,68
68,64
65,60
59,61
66,67
53,37
65,66
70,71
65,64
68,73
69,60
71,70
12,14
73,70
67,72
63,65
66,67
62,37
22,19
68,68
64,62
50,34
23,14
68,67
64,67
66,69
66,69
33,23
72,71
68,72
72,68
51,50
69,67
55,36
65,67
63,60
19,14
69,69
69,72
75,76
67,66
67,58
64,62
69,75
63,65
67,60
70,71
11,13
71,65
69,71
68,73
66,64
20,18
69,68
21,11
64,56
62,63
66,69
64,65
30,17
67,70
68,69
65,61
69,68
68,64
77,57
65,66
59,61
68,67
68,73
69,66
15,12
67,65
72,68
62,61
43,33
71,72
68,66
50,42
68,65
66,61
55,24
65,67
64,66
74,75
62,56
64,71
64,71
66,52
65,64
69,70
67,69
70,64
66,65
61,57
70,67
58,54
70,68
64,65
66,40
69,67
72,70
61,65
49,47
65,59
64,59
66,63
61,62
66,67
66,62
74,72
25,11
62,60
64,53
65,64
16,7
71,66
71,75
58,60
18,17
64,65
65,63
52,33
68,67
61,65
58,40
72,75
54,36
69,65
69,71
60,51
68,63
65,72
53,54
73,74
49,36
58,61
67,61
48,37
71,67
63,46
69,61
58,57
70,67
52,46
67,63
71,74
66,70
66,70
65,63
67,62
67,75
22,14
61,65
70,71
72,70
64,62
23,10
68,67
60,59
23,11
66,63
68,66
67,66
19,13
67,72
66,72
49,36
70,68
56,48
67,66
66,71
15,15
68,66
72,65
69,67
66,73
62,68
62,67
69,70
72,69
25,14
65,72
23,18
69,66
67,65
47,51
63,65
66,66
72,73
63,61
59,56
47,35
61,63
66,64
67,67
49,39
68,62
68,58
68,67
65,63
68,68
70,73
68,64
65,63
54,53
67,68
5,15
65,52
65,52
55,52
42,41
67,63
74,72
70,67
58,49
11,6
65,62
20,15
62,38
68,69
70,68
65,64
53,45
70,59
73,74
63,55
25,13
52,48
65,66
63,57
45,49
16,12
60,60
62,57
58,60
61,63
65,58
70,67
68,70
63,58
71,75
68,68
66,56
56,59
68,55
70,68
64,55
73,71
67,70
71,72
42,34
63,55
60,40
68,67
48,44
53,31
70,69
61,63
72,74
67,63
67,67
24,12
44,37
64,57
64,67
51,43
65,66
65,70
62,64
62,64
21,12
61,61
63,61
66,64
67,60
21,16
68,68
67,67
68,72
70,69
68,64
71,67
65,68
66,62
55,52
15,22
64,61
62,56
60,69
66,67
22,19
18,17
70,72
67,65
63,65
23,18
68,64
55,21
57,46
67,68
61,65
66,64
52,36
66,62
46,39
55,60
64,58
66,64
59,60
20,17
65,64
54,38
17,8
64,65
64,60
67,65
21,8
69,64
72,74
64,62
58,38
71,67
64,62
21,21
57,57
58,43
67,64
70,71
70,68
70,68
70,68
13,12
63,64
54,43
69,69
61,63
22,14
71,72
61,59
65,68
57,47
65,68
66,64
61,62
63,63
68,67
68,66
62,52
66,55
53,34
68,73
30,10
15,16
66,70
68,73
66,69
65,66
62,61
65,55
67,70
65,34
66,67
66,66
71,66
67,66
55,41
58,57
65,64
57,47
68,71
63,57
70,68
67,66
70,68
22,16
63,66
23,17
57,56
73,75
19,12
69,66
67,70
60,55
65,68
61,22
67,66
67,70
68,71
70,68
54,46
66,71
66,71
20,11
62,40
67,64
50,38
63,69
67,70
52,31
55,44
69,66
73,68
23,22
72,70
64,47
66,65
65,66
16,8
70,72
66,72
71,65
68,63
15,12
42,28
69,66
70,71
66,63
69,65
24,18
67,70
22,12
63,68
68,73
70,71
60,55
63,57
69,67
72,74
15,12
68,67
19,13
65,63
69,70
65,62
68,66
69,67
68,66
63,50
15,14
65,64
68,72
59,52
69,69
56,54
63,59
62,48
62,63
23,29
67,65
66,69
67,72
72,60
72,60
65,57
66,69
64,61
64,71
52,42
16,14
70,72
61,58
66,62
66,59
69,70
17,11
47,44
31,11
67,66
71,73
66,63
68,68
66,68
38,13
25,18
63,74
65,72
63,68
68,64
71,72
66,67
66,51
72,67
40,41
69,68
71,72
70,71
45,51
63,55
65,63
68,68
62,66
72,71
73,70
45,36
62,54
45,35
68,70
66,70
20,16
22,11
64,54
66,62
65,70
59,55
67,55
66,67
64,65
70,75
65,66
63,60
55,55
65,62
63,63
63,63
65,74
66,72
55,51
61,61
69,67
66,69
69,64
65,64
65,69
66,60
68,64
69,67
63,66
18,16
62,52
68,64
73,71
10,22
72,70
69,69
43,47
65,64
65,64
65,60
66,63
56,54
65,72
70,70
51,34
65,60
66,64
68,68
70,64
68,66
68,69
55,38
65,63
66,67
60,29
63,61
68,67
51,44
22,13
61,67
68,65
18,10
70,72
67,68
56,47
66,65
66,68
70,68
67,65
72,68
49,39
74,64
56,39
59,63
67,63
66,67
66,67
63,66
64,65
71,67
58,33
53,55
62,60
66,66
64,67
67,63
67,67
67,68
61,55
70,65
53,46
55,48
68,64
20,14
65,62
62,56
65,58
64,66
17,11
66,67
70,66
67,69
60,38
18,12
67,69
65,60
68,64
71,70
42,42
62,66
66,67
50,33
33,17
63,61
59,57
73,72
65,56
61,57
71,69
67,69
59,39
69,69
66,64
69,66
66,65
59,48
65,64
68,60
14,15
62,70
67,60
66,68
69,68
67,72
67,68
64,70
49,38
49,38
62,57
63,48
68,71
69,68
70,66
66,68
69,68
59,56
68,70
34,14
64,65
65,65
71,66
49,44
64,66
16,14
68,71
71,69
61,40
70,63
61,57
53,48
65,66
67,63
47,52
62,62
66,64
72,69
67,60
15,23
72,72
65,67
64,70
70,71
45,41
77,76
72,71
68,66
62,65
60,58
69,70
33,16
65,68
51,37
54,66
19,17
67,59
71,72
67,68
67,66
65,63
66,63
61,58
52,27
60,39
56,53
63,63
21,12
73,70
47,35
47,35
62,58
69,68
75,72
13,15
69,70
70,68
13,4
70,68
67,66
68,65
60,41
65,62
64,46
63,58
67,64
57,63
70,66
66,67
69,73
71,72
67,65
57,53
61,53
62,61
59,63
65,58
74,68
56,48
61,48
70,73
60,64
62,60
68,66
66,65
65,67
69,62
61,58
67,72
22,14
64,60
65,66
66,65
67,71
65,70
64,69
64,57
68,63
63,68
63,52
64,65
62,51
62,51
25,14
65,68
64,66
60,62
68,69
50,34
61,64
70,76
65,63
18,9
64,64
63,60
49,44
64,64
52,39
68,64
72,71
62,65
68,73
69,63
62,56
64,72
66,68
66,67
20,18
34,28
46,40
17,16
17,10
64,65
62,66
65,63
59,51
45,27
63,62
71,63
67,64
64,70
20,14
64,66
65,61
74,74
67,64
69,70
69,63
62,56
69,67
58,61
67,70
65,61
68,65
67,70
68,60
60,62
59,63
11,15
64,67
67,64
64,55
63,56
62,71
68,66
65,66
14,15
47,38
70,68
71,63
71,69
69,67
64,60
64,66
57,53
57,53
65,62
65,57
72,63
68,67
61,66
51,66
70,63
72,74
62,67
58,61
58,54
26,18
23,22
67,71
68,67
65,66
63,72
62,61
68,67
68,71
65,63
72,72
73,76
56,38
69,63
53,34
66,73
72,76
72,69
70,68
67,69
59,51
53,41
70,64
68,76
59,61
70,67
24,17
71,64
65,58
62,55
67,65
71,72
68,60
73,74
69,63
70,72
69,65
67,59
16,10
66,64
63,61
67,68
67,61
63,65
26,14
19,21
68,64
65,64
66,64
66,64
74,78
41,34
65,46
67,64
73,73
67,67
74,68
61,53
64,66
71,70
66,72
67,56
71,65
68,64
68,65
69,70
66,65
67,62
65,64
69,66
72,68
49,42
68,69
21,13
57,52
58,36
64,63
69,71
64,61
62,68
64,62
50,45
71,72
21,16
63,65
69,72
60,55
67,68
18,12
64,58
66,63
41,32
65,59
49,47
67,67
62,61
49,47
65,56
63,51
60,58
66,67
72,74
63,68
61,58
70,48
21,19
13,6
64,62
48,35
72,64
72,64
59,64
66,68
62,54
70,68
68,70
67,70
71,70
63,57
66,71
75,71
62,60
36,12
64,66
68,68
71,70
51,42
64,57
73,63
68,70
65,64
64,66
67,68
43,38
65,67
59,61
32,30
63,64
18,19
63,65
67,66
63,72
66,68
68,67
67,58
56,54
65,67
62,63
67,65
56,54
67,65
33,16
40,38
55,45
68,66
64,64
64,64
22,14
67,66
51,42
45,32
68,70
50,47
70,66
67,69
67,61
71,70
69,71
68,61
18,14
69,63
69,63
65,74
56,49
62,66
72,74
71,73
49,43
67,66
72,77
64,69
65,68
16,14
58,28
19,21
66,63
40,31
21,12
61,58
65,63
63,66
60,69
41,31
68,65
64,63
66,65
63,74
56,49
65,55
66,62
60,43
67,61
62,65
64,63
70,72
67,66
60,56
68,65
72,66
54,50
65,66
65,66
71,65
50,42
61,53
71,73
58,56
69,64
65,64
64,61
68,67
58,57
68,67
61,59
26,14
39,34
42,32
60,54
65,62
52,40
61,66
66,64
60,62
49,45
67,66
67,65
64,67
68,66
60,62
55,52
65,63
64,60
50,41
66,71
67,64
58,59
69,67
59,56
64,64
67,57
60,65
62,62
72,74
59,64
20,11
68,66
21,16
63,66
62,48
66,68
10,13
64,65
59,46
64,59
66,63
63,58
64,61
18,11
71,81
63,58
66,71
56,56
56,56
59,54
60,67
66,68
72,69
68,67
69,69
15,15
17,13
58,61
66,61
60,60
74,55
63,61
65,58
51,41
60,63
67,66
49,45
63,64
62,61
68,65
62,65
62,67
64,70
56,57
66,64
62,64
64,63
68,67
65,54
24,21
64,63
67,69
69,70
68,64
55,51
16,12
56,54
24,11
64,60
66,69
65,63
64,65
65,59
25,13
62,61
60,54
68,65
61,62
64,47
64,62
22,13
43,29
58,56
67,66
65,64
60,58
66,69
69,68
59,61
59,61
62,36
48,50
62,55
61,54
58,42
64,59
69,65
20,13
65,65
18,16
67,58
66,69
61,63
63,58
59,61
68,60
56,68
58,65
70,67
46,31
59,55
48,35
64,63
51,49
67,71
62,65
39,27
66,67
67,71
61,60
65,68
59,59
59,51
67,66
25,14
65,61
62,61
61,48
21,10
60,64
58,61
66,55
66,65
63,68
64,74
64,54
61,64
61,62
61,55
61,62
68,70
66,62
65,62
66,59
62,59
15,22
42,31
62,61
52,43
60,66
60,66
60,65
65,64
66,57
63,54
18,15
22,15
57,60
64,69
60,58
64,65
69,59
17,13
58,56
73,71
70,65
68,67
66,65
63,58
64,62
19,15
61,66
62,59
60,68
48,34
60,56
63,61
68,70
66,67
69,72
66,56
63,59
60,61
67,63
65,60
61,70
20,14
60,64
66,70
61,68
60,44
63,65
29,10
65,68
64,67
62,62
66,67
49,23
65,64
25,14
61,60
53,53
65,62
60,59
57,51
61,65
56,58
19,19
44,42
63,56
66,68
66,68
64,65
60,21
47,27
67,69
65,63
63,58
71,71
60,68
67,62
64,60
61,58
62,68
22,14
64,65
56,34
56,43
46,44
54,52
65,67
56,57
63,66
18,17
58,56
68,65
67,59
30,26
43,31
68,71
25,19
65,66
68,70
42,34
64,64
65,64
65,56
35,13
59,58
64,59
68,61
67,61
59,57
61,60
63,70
61,62
67,65
67,66
67,67
66,66
54,59
54,44
66,69
70,49
67,69
49,26
51,35
58,56
55,32
62,61
63,57
66,63
66,63
71,67
58,57
63,60
23,7
64,66
67,59
66,63
58,55
68,67
43,39
63,68
62,61
55,50
63,60
62,64
21,5
39,43
19,11
59,66
20,15
58,58
64,67
65,57
62,61
66,67
61,72
60,62
43,46
67,74
66,64
67,66
65,61
12,9
60,57
25,13
64,65
62,52
63,61
62,49
17,13
65,68
12,14
24,17
49,30
70,71
62,64
65,67
14,12
65,53
45,31
64,66
61,45
55,45
61,66
58,56
64,62
60,55
62,56
66,67
68,66
68,66
64,66
55,48
64,67
68,63
63,70
67,64
23,11
66,68
69,65
58,62
56,53
60,61
65,63
58,59
62,63
61,62
21,11
63,67
23,15
25,19
60,48
63,53
63,58
66,67
68,71
19,13
67,75
67,65
33,35
59,58
41,31
60,61
64,49
70,69
46,21
71,74
17,16
68,65
67,68
63,62
64,69
61,59
64,63
22,12
66,66
67,71
55,47
62,63
18,12
63,63
64,64
55,56
67,65
63,60
62,67
65,65
62,49
64,65
56,48
59,57
59,57
65,61
59,64
67,66
64,68
65,70
64,65
59,64
63,66
67,68
72,61
67,67
62,58
23,13
25,21
65,67
21,16
56,58
67,69
67,67
66,64
68,66
60,55
70,70
61,58
23,15
50,36
63,62
62,68
59,55
64,68
60,57
66,69
37,25
50,49
62,61
68,66
65,71
63,65
50,32
64,71
65,66
62,62
45,39
68,67
67,65
64,59
61,69
66,68
65,68
64,58
63,54
60,59
66,68
60,63
70,64
66,65
64,62
37,25
64,55
55,45
55,45
61,61
61,62
68,58
60,59
64,63
49,24
66,62
66,68
68,66
54,42
61,57
65,65
62,62
59,52
66,62
69,72
62,57
63,56
55,52
41,31
64,65
70,72
68,59
75,73
73,69
58,59
17,13
42,32
58,63
67,70
67,65
64,63
62,60
68,68
64,65
69,54
74,70
60,62
64,62
62,63
63,63
62,61
65,66
58,54
55,65
63,64
61,57
62,68
54,57
58,61
67,62
74,74
16,13
65,63
73,74
60,61
60,67
66,62
55,44
64,64
64,64
65,68
62,67
70,69
64,66
66,62
55,51
64,62
65,62
67,65
71,65
64,58
63,61
62,57
63,64
70,64
60,64
64,62
61,62
67,61
55,52
68,71
60,57
59,64
58,63
63,65
62,60
20,16
63,60
62,60
54,57
68,65
65,62
63,66
45,38
63,71
16,5
44,29
18,10
67,68
69,71
56,27
58,57
65,61
63,62
55,58
21,13
67,69
62,63
48,38
65,69
62,59
62,61
52,57
57,63
66,68
11,9
53,45
67,64
61,60
61,57
61,57
45,25
65,67
67,68
66,68
64,62
52,38
67,63
45,33
67,65
55,70
69,65
60,56
61,59
49,57
23,14
62,63
14,10
21,18
50,40
18,14
67,68
62,65
59,53
74,67
41,33
48,30
44,46
47,44
66,63
64,65
52,58
13,7
60,65
62,66
65,67
63,65
73,74
58,62
54,52
24,17
46,25
62,66
65,61
42,30
64,59
55,28
69,66
64,72
65,60
62,63
59,53
57,41
62,60
18,15
44,42
60,57
68,67
45,36
63,53
64,47
64,47
63,57
66,59
49,37
56,46
58,61
71,72
64,61
45,36
65,66
45,44
64,64
66,60
52,46
70,73
30,30
62,60
61,61
58,57
62,63
63,58
63,65
62,44
65,52
65,62
61,67
44,41
65,59
52,35
25,18
17,19
60,49
62,56
65,65
64,65
52,32
61,58
64,68
68,60
60,60
19,11
66,65
63,66
24,13
65,63
67,66
62,72
68,63
66,59
57,58
59,59
65,58
69,71
60,59
66,62
64,60
64,59
69,61
65,63
59,54
60,63
60,63
43,34
60,49
62,66
67,68
46,45
65,64
56,48
68,65
65,68
69,64
63,60
53,54
65,67
56,52
14,13
57,62
64,62
71,66
62,64
65,68
17,10
55,45
70,69
58,62
46,29
62,66
65,63
54,60
37,22
39,22
72,74
59,56
61,61
58,53
71,68
63,64
59,45
65,69
61,59
66,64
45,45
59,57
63,63
29,17
59,62
10,13
58,58
59,57
65,64
59,51
68,64
62,62
70,73
69,69
53,48
67,66
69,69
24,16
62,70
65,66
65,66
62,66
64,62
66,62
23,15
73,73
64,64
55,56
67,65
62,64
59,59
64,62
65,61
67,59
63,64
65,60
60,62
63,57
50,32
62,60
51,45
67,68
66,71
60,58
63,64
62,63
65,64
48,36
50,38
68,73
55,43
64,61
64,61
67,59
59,49
60,60
69,70
52,40
57,45
68,75
16,21
61,62
65,64
58,57
20,17
64,54
62,60
68,65
62,59
21,9
65,64
67,66
55,39
56,32
62,54
18,9
63,48
65,63
67,66
62,59
68,68
68,68
37,32
67,67
49,49
66,74
68,64
63,65
65,66
55,48
66,64
61,58
59,56
63,57
65,59
68,70
60,67
16,9
69,68
60,58
63,59
70,67
14,13
62,66
60,55
61,54
62,64
69,64
68,64
65,56
64,71
57,47
66,63
49,28
52,44
62,56
70,73
65,63
64,60
63,43
66,60
66,71
63,61
68,65
57,29
21,13
52,47
70,62
61,60
63,60
12,13
63,43
16,25
56,64
69,73
66,65
13,12
67,67
58,67
54,47
56,52
61,64
61,64
43,38
58,56
69,68
61,57
61,58
62,64
67,66
66,63
62,65
66,54
64,66
64,63
63,38
18,13
62,66
53,52
64,46
66,66
65,68
63,54
59,50
62,59
58,58
62,60
72,65
62,66
64,66
68,62
61,51
63,58
11,16
68,67
58,57
70,66
64,62
62,60
60,57
63,65
20,11
64,61
63,61
53,39
64,60
65,63
71,69
64,63
62,60
68,65
67,68
65,63
68,66
49,36
69,60
66,65
53,57
21,14
66,68
67,64
19,20
65,67
65,67
64,63
69,66
58,54
56,63
62,62
50,44
61,63
63,72
66,65
63,67
68,67
67,70
20,15
62,64
63,58
66,64
67,64
64,66
59,36
64,59
66,61
70,73
51,59
67,78
70,73
68,65
66,63
67,59
61,64
64,62
70,69
18,12
63,65
63,53
61,62
65,62
66,63
63,38
54,43
57,60
69,59
66,63
55,50
66,63
66,63
71,70
64,66
70,69
64,61
70,71
71,69
59,57
60,55
70,65
68,60
73,45
69,68
62,60
59,56
22,19
64,64
66,67
65,67
63,60
60,59
65,64
68,65
67,64
66,67
35,25
62,59
66,73
66,68
65,63
45,33
11,6
67,67
62,52
64,66
67,44
65,65
72,73
53,61
65,68
74,66
65,64
72,72
45,35
63,68
62,60
65,66
65,60
66,62
66,68
63,68
63,64
67,70
62,64
72,69
69,68
61,63
65,61
60,47
67,63
66,71
66,71
58,62
15,12
63,58
69,68
64,66
68,66
68,50
62,65
48,30
62,60
66,64
66,64
67,70
60,58
59,55
64,62
70,66
39,38
43,31
56,41
65,64
70,70
32,30
65,60
69,67
68,64
25,18
62,32
69,67
67,71
64,63
66,58
47,42
63,59
58,59
68,67
71,67
48,45
12,13
66,62
66,64
68,63
23,16
57,68
56,55
60,45
68,65
67,69
68,71
66,66
65,73
68,49
63,58
14,16
63,68
23,13
63,65
57,56
61,60
63,53
64,68
20,14
50,41
66,58
67,73
68,66
68,66
64,65
68,61
66,67
68,64
69,71
68,70
65,59
69,65
70,72
69,68
68,69
58,64
72,71
56,40
67,68
53,42
61,32
65,67
70,74
66,68
61,58
63,66
67,66
65,65
62,54
74,72
65,46
51,49
55,48
65,66
71,67
69,74
60,60
65,60
52,22
70,71
53,31
50,40
61,56
19,20
63,60
68,64
69,71
66,63
63,54
20,19
51,42
52,43
62,62
70,59
65,67
66,70
52,44
64,63
64,42
58,59
67,67
67,67
64,55
60,22
67,68
71,73
58,28
35,24
60,56
68,65
64,59
60,55
19,14
16,7
20,11
66,61
21,21
66,67
67,63
67,55
57,55
63,62
67,59
56,35
58,53
68,68
47,30
65,63
64,61
69,66
66,68
64,55
66,59
71,68
62,62
67,52
19,14
64,58
57,68
24,9
64,61
63,59
65,62
66,68
64,61
52,44
64,67
56,45
63,60
39,35
66,64
72,68
66,73
57,62
66,66
67,59
64,58
66,64
66,68
68,65
50,44
65,66
65,66
25,18
69,73
52,33
61,46
63,61
57,54
68,72
66,63
17,12
60,51
53,52
68,65
71,71
66,70
64,69
49,14
58,39
70,71
13,8
32,15
64,62
68,65
21,14
65,66
63,59
21,13
13,7
50,41
71,68
63,52
68,65
65,63
60,62
72,74
66,66
65,66
58,34
66,70
70,67
62,58
66,53
54,41
59,43
23,21
30,16
58,57
59,52
56,40
62,55
17,13
65,60
25,21
62,58
24,16
56,51
49,34
45,25
12,22
63,69
59,64
59,64
22,8
66,66
69,64
31,16
23,15
64,49
15,14
62,57
54,43
63,51
65,64
16,13
53,48
70,77
63,61
50,48
57,63
49,41
59,65
67,68
64,54
68,71
54,60
64,63
49,30
68,63
62,68
70,68
64,64
70,67
68,60
63,74
66,67
61,62
63,57
60,56
66,72
62,64
52,41
65,68
20,13
55,47
70,71
67,69
66,59
67,66
64,63
58,61
65,61
63,57
64,63
63,55
57,58
67,68
66,59
66,68
69,66
60,60
66,64
64,67
64,67
68,67
21,16
63,52
46,31
51,32
64,77
64,48
65,62
50,45
65,64
69,68
62,64
72,74
19,15
63,64
23,13
67,66
64,62
73,76
57,61
70,64
54,47
60,59
55,47
68,63
65,58
44,36
65,66
64,67
12,12
66,60
20,25
68,59
71,72
50,34
68,69
61,49
63,69
54,63
62,53
30,8
67,64
66,58
66,63
63,61
65,62
72,65
42,32
48,37
67,60
46,25
59,63
65,59
72,72
70,71
64,52
68,65
68,58
62,46
59,46
22,20
14,11
67,64
64,56
58,51
69,68
71,67
67,62
62,32
70,73
59,67
69,72
48,24
70,71
71,71
71,71
70,57
63,68
55,53
63,71
60,23
62,57
70,69
65,62
69,61
67,70
58,62
61,61
56,42
63,63
60,61
60,54
64,66
72,72
55,42
65,63
63,67
70,73
67,71
59,63
74,70
57,43
65,68
69,73
69,63
67,63
70,69
16,13
64,75
66,71
64,64
71,67
55,45
63,62
61,62
54,38
52,50
62,64
71,62
22,14
71,65
63,60
55,28
69,67
69,66
23,16
61,49
54,49
57,42
59,56
65,64
66,67
62,66
68,65
22,19
66,63
66,63
61,66
57,54
71,65
63,49
68,72
57,48
70,71
35,24
65,63
67,62
60,67
69,69
65,59
64,63
72,68
67,63
67,65
66,53
68,66
59,44
52,45
50,34
55,49
65,64
73,69
58,57
64,64
67,66
64,63
68,70
73,71
55,34
66,63
65,59
63,66
63,61
66,73
64,54
65,64
70,68
64,66
60,61
22,11
57,63
53,41
71,69
66,68
54,40
58,57
62,57
17,13
51,46
65,70
54,51
60,50
67,62
9,11
22,13
67,63
67,62
67,62
55,38
69,66
63,70
62,60
55,44
63,63
20,13
56,53
66,70
67,71
50,49
21,15
65,67
69,65
66,64
21,13
59,50
22,14
67,63
64,65
66,67
72,70
67,64
62,61
67,74
59,51
22,11
76,74
61,59
65,65
69,64
59,52
64,68
49,54
65,68
62,66
66,63
58,57
64,59
70,71
72,70
58,49
65,62
67,70
69,65
67,66
68,68
53,48
62,54
47,36
71,77
69,67
65,62
72,70
50,50
70,72
49,26
29,13
62,49
62,53
62,53
67,65
70,72
66,68
61,63
70,75
67,68
60,56
63,54
68,64
68,71
16,16
64,63
67,66
65,64
65,58
61,54
48,43
52,43
64,58
55,53
68,66
54,41
65,67
67,68
24,17
61,71
66,61
66,64
16,16
67,66
68,64
65,67
68,65
18,14
24,10
65,63
62,72
69,71
68,69
60,56
58,25
43,33
71,58
65,66
71,70
68,65
72,75
67,67
23,21
48,56
70,64
67,68
60,52
60,68
62,43
69,68
55,25
62,65
60,62
67,69
67,69
66,59
65,63
66,47
66,67
68,60
74,66
52,23
67,70
70,71
70,64
65,70
48,45
64,61
62,63
60,66
49,48
61,64
70,67
55,52
64,64
68,66
71,60
63,66
69,65
63,55
56,49
67,68
62,58
63,64
55,35
61,62
55,46
63,66
60,54
69,64
62,52
58,49
50,26
39,24
21,19
62,64
19,18
52,50
61,62
60,51
66,65
68,70
46,30
57,37
68,73
70,69
68,71
70,66
64,66
71,76
71,70
67,68
67,53
61,60
63,60
63,60
51,31
66,70
72,62
65,70
59,47
26,17
51,54
19,14
68,66
18,11
66,72
49,39
62,64
54,39
68,70
63,64
51,49
66,70
67,65
65,60
52,49
67,66
65,62
66,65
64,63
53,67
64,56
50,47
65,67
65,62
64,62
66,65
59,61
57,50
52,50
56,45
65,62
66,60
65,51
65,51
53,36
63,60
62,58
68,68
69,64
65,63
64,60
65,68
62,63
75,63
62,63
63,59
66,69
66,65
66,65
24,15
63,64
65,67
64,68
60,43
66,69
69,64
44,48
66,68
63,65
66,59
64,59
68,70
66,63
65,64
70,58
68,69
70,62
66,68
60,55
65,67
60,55
57,53
67,68
58,56
69,68
43,39
63,61
62,64
73,66
64,58
43,40
65,66
66,66
52,50
62,61
64,70
63,61
47,46
16,16
67,55
75,65
57,27
43,33
66,60
66,60
68,67
59,68
60,43
48,35
57,53
64,67
53,47
47,37
70,66
64,54
68,73
65,66
22,11
63,47
63,65
68,66
64,57
55,44
47,32
65,60
68,69
48,36
66,67
63,74
12,15
62,57
23,14
45,38
62,65
29,12
68,66
67,66
20,18
59,52
68,65
58,49
59,45
67,69
54,52
72,65
67,57
69,66
67,66
33,19
20,11
55,54
63,58
61,59
67,66
54,45
62,73
68,69
68,62
69,67
73,68
63,66
67,64
50,28
55,51
68,62
68,62
53,47
64,67
69,71
63,53
69,72
70,60
31,25
53,41
62,61
22,15
70,64
67,61
15,11
71,63
17,18
66,35
70,67
71,64
22,17
70,69
49,32
70,69
10,14
56,51
18,17
64,64
64,57
57,38
24,11
63,65
57,49
60,62
58,55
27,21
70,66
65,69
66,63
63,64
60,62
50,35
63,60
68,76
65,67
70,67
57,50
23,16
68,69
65,66
59,59
59,51
66,60
62,58
19,16
53,52
63,63
67,64
66,67
65,64
55,49
66,55
66,55
64,60
68,61
62,64
69,65
53,42
38,24
66,58
65,64
69,52
64,69
68,63
72,68
59,63
60,61
66,65
62,60
61,69
48,34
68,67
56,37
66,68
74,80
41,30
60,60
67,69
64,65
59,63
64,55
58,59
67,69
66,68
68,70
60,68
66,67
55,50
72,73
60,56
67,71
66,62
52,32
73,74
47,41
66,58
58,54
59,62
63,70
57,63
66,58
60,58
62,56
56,61
66,62
57,52
63,65
70,67
68,67
67,67
60,57
61,49
55,21
55,21
62,68
63,64
67,68
63,59
68,67
62,61
63,63
54,48
67,66
59,57
57,37
63,67
69,68
54,46
66,51
58,53
66,57
18,18
63,67
62,59
62,58
67,64
66,62
16,19
66,63
53,52
66,65
61,59
69,67
65,61
63,63
65,67
67,60
69,72
60,42
67,61
59,53
67,56
67,74
64,71
63,61
60,46
43,22
60,58
62,56
52,44
70,68
67,64
44,31
68,68
65,74
58,58
64,63
66,65
62,56
55,33
65,63
48,33
71,70
65,67
65,67
61,44
68,65
18,15
67,68
69,65
67,65
16,18
59,63
66,71
69,66
50,45
68,65
68,71
74,75
68,60
66,64
62,64
64,61
62,60
66,65
22,24
70,64
54,54
24,14
67,60
68,65
64,64
65,67
64,58
58,47
57,48
61,68
68,62
67,66
66,70
67,65
67,66
68,70
62,62
65,67
67,63
70,66
57,65
67,61
65,66
65,66
25,16
63,63
64,66
68,72
66,59
59,50
64,60
62,61
68,69
64,61
59,64
63,63
61,55
64,62
64,62
66,65
66,71
66,59
67,63
62,55
61,71
65,66
66,69
69,71
23,14
65,65
65,61
71,71
67,63
60,56
26,19
60,67
64,65
70,67
62,66
67,65
65,58
14,8
59,40
63,62
66,50
72,78
67,69
51,31
66,58
56,26
69,66
64,67
67,55
59,69
62,55
65,57
58,54
63,64
67,64
55,47
70,69
54,56
58,48
67,71
49,44
58,56
60,62
20,12
66,57
66,62
63,61
67,64
62,57
62,60
65,68
69,72
55,40
40,34
64,65
64,65
63,64
62,62
66,64
22,30
60,63
64,64
66,56
58,51
23,19
65,59
69,71
56,39
65,67
65,57
15,19
19,11
70,68
67,68
64,59
72,73
62,56
66,60
67,63
64,64
56,41
70,62
66,58
66,71
15,12
62,67
66,68
68,69
66,71
64,69
66,64
67,59
65,62
59,57
69,70
23,13
63,69
67,63
67,63
60,56
64,60
61,44
50,48
52,25
64,60
15,14
67,65
69,70
63,54
54,52
63,65
54,59
73,65
15,13
64,64
60,52
60,52
65,65
64,57
69,68
66,60
64,63
60,65
18,11
63,61
63,67
17,20
61,59
66,63
70,71
63,50
49,41
22,10
62,59
60,63
74,63
65,64
68,59
65,62
27,12
71,66
64,52
63,64
42,23
60,72
64,65
69,64
70,72
18,17
69,72
54,34
65,62
20,10
64,64
63,58
66,66
58,56
67,58
66,68
65,53
58,56
69,60
68,76
18,5
61,63
50,37
67,71
72,72
49,40
16,17
63,61
63,63
67,63
61,58
66,64
67,63
62,62
65,62
68,72
62,63
58,40
57,39
59,49
64,67
64,57
63,61
62,65
63,65
63,57
52,50
66,66
63,63
55,45
58,61
29,21
63,63
23,14
52,32
65,61
50,25
68,57
65,61
64,64
62,56
65,66
17,15
61,64
69,64
64,66
63,67
64,44
63,64
59,54
60,52
60,52
62,57
67,68
66,68
68,72
62,56
65,64
69,72
60,50
18,10
66,62
38,19
61,60
64,67
61,60
55,68
60,58
66,64
65,66
68,66
64,65
62,58
63,64
67,62
63,60
66,66
65,63
22,18
64,50
63,61
16,12
62,68
66,69
61,56
65,54
51,34
64,60
18,11
63,62
63,61
63,59
68,58
68,69
68,66
64,69
65,64
62,65
67,66
50,44
61,66
65,64
64,69
49,33
45,39
68,70
52,51
62,63
64,57
63,53
69,65
55,26
55,26
63,40
64,66
63,65
21,12
67,64
50,47
66,62
59,57
68,64
50,52
60,57
65,61
64,56
54,48
53,47
31,22
71,72
69,65
65,68
63,61
49,41
19,7
64,63
60,53
64,61
13,17
56,55
75,73
65,59
64,62
61,58
57,47
62,61
64,66
62,56
59,68
64,63
66,68
35,21
57,49
65,71
44,35
66,62
50,48
56,30
16,12
64,63
61,57
58,54
50,23
63,62
72,74
16,17
72,70
56,52
64,62
64,63
69,65
54,28
63,56
63,56
62,47
67,69
70,65
22,13
63,63
64,62
45,43
49,34
22,16
56,45
68,68
53,52
71,73
15,13
58,55
62,66
60,62
62,56
64,63
65,65
53,57
54,52
47,29
68,65
58,58
57,59
48,45
55,48
59,58
57,46
60,40
60,51
65,57
15,12
58,47
40,39
58,62
44,48
36,32
59,46
63,65
55,47
61,64
52,34
61,60
34,32
64,63
61,55
59,48
64,63
66,64
28,14
59,60
65,67
73,63
61,60
22,9
55,34
58,37
67,69
67,69
40,20
24,9
64,67
60,57
66,57
71,66
25,18
63,59
61,55
60,67
15,8
61,68
23,13
11,5
26,12
60,59
16,15
54,53
53,43
20,17
71,62
64,60
67,62
59,66
69,59
70,69
48,55
62,66
25,16
65,62
64,62
64,61
65,63
64,70
58,55
58,51
59,68
63,56
13,12
58,61
56,52
64,64
38,33
67,69
58,51
62,59
67,66
66,62
64,57
64,58
62,61
66,64
66,72
51,43
46,31
72,72
60,63
64,67
24,11
60,61
60,61
59,61
61,68
65,60
59,54
66,68
60,63
61,60
64,65
60,49
68,68
66,69
66,68
64,67
62,66
60,59
62,58
60,56
55,30
42,40
65,58
66,57
61,58
69,72
61,63
65,63
58,59
53,47
12,11
16,17
59,53
44,37
65,67
63,64
19,11
14,6
63,70
61,61
47,36
59,58
65,64
65,65
18,16
18,16
60,60
64,58
61,62
61,63
62,56
72,66
63,65
63,58
52,40
63,60
57,62
69,65
66,68
65,63
64,64
52,69
57,51
57,51
56,60
41,34
63,68
64,59
47,37
45,41
64,66
66,68
66,61
31,26
60,62
60,60
48,25
65,67
60,53
61,56
22,17
61,64
54,50
66,65
46,29
65,64
63,67
61,51
54,45
69,70
57,43
55,50
65,67
51,53
60,62
60,64
63,65
62,45
60,57
21,14
25,11
63,66
64,66
52,43
64,59
62,64
66,68
66,65
66,68
56,52
43,24
62,59
38,30
44,31
69,64
61,54
67,66
61,65
66,69
59,34
66,68
67,68
58,54
64,61
64,61
67,66
65,70
67,65
67,64
63,63
58,60
56,58
61,59
67,67
66,65
15,12
56,41
65,63
66,69
61,55
65,62
60,63
38,42
71,66
61,60
52,59
52,47
59,58
68,66
57,59
66,63
42,32
63,67
65,64
61,55
66,62
62,66
61,60
63,66
63,65
59,56
62,58
28,20
67,67
70,68
69,66
60,33
67,67
68,63
65,66
62,63
68,65
64,65
61,62
45,22
64,61
65,64
59,63
63,65
58,59
50,55
25,13
58,60
56,58
64,60
64,60
64,64
57,59
42,35
40,34
40,39
59,49
62,64
66,67
67,73
68,65
54,47
64,57
61,54
59,66
64,68
51,47
64,67
61,56
65,64
20,18
60,57
65,61
60,62
24,13
28,15
56,47
63,66
62,59
65,67
53,43
19,12
66,61
60,62
65,60
18,12
38,31
57,30
31,36
65,69
64,63
50,45
65,68
71,66
65,64
63,57
57,57
61,64
58,60
68,62
65,64
62,60
66,62
69,64
64,64
64,66
62,63
66,69
60,58
66,48
65,60
65,60
59,53
55,24
63,66
63,62
46,23
40,35
65,64
23,14
49,32
61,57
56,67
61,62
61,61
65,60
66,67
66,66
65,66
59,64
65,60
55,62
67,65
57,61
65,67
65,73
66,71
60,29
63,61
63,67
65,62
57,62
45,38
20,19
62,67
59,42
65,62
55,38
58,54
61,59
60,61
63,57
65,65
68,63
56,58
14,25
60,55
34,32
60,64
50,51
67,70
65,63
64,59
57,54
63,68
63,65
68,69
58,49
59,58
61,63
62,67
63,64
63,64
68,67
64,62
23,17
64,63
56,63
65,64
62,47
62,64
60,52
66,60
58,25
68,60
64,67
19,8
61,59
59,48
48,40
68,75
65,62
64,62
58,39
58,45
23,10
63,62
65,60
20,14
13,12
61,48
71,75
43,28
47,42
62,60
60,52
49,49
54,27
60,49
68,71
63,58
65,55
58,64
66,68
66,66
57,27
66,64
54,49
61,62
68,71
63,62
59,37
65,63
59,59
65,63
65,68
59,49
39,32
65,57
51,42
63,67
67,68
58,61
58,61
50,47
53,50
11,13
63,64
69,66
21,14
51,50
65,64
55,52
18,20
64,71
63,68
57,62
21,15
60,68
63,62
53,49
56,53
67,66
67,64
65,64
63,57
52,42
48,34
59,50
66,58
45,38
21,11
61,68
66,61
68,70
35,28
58,44
57,55
60,57
44,33
17,19
52,26
65,66
19,14
26,12
24,11
63,67
70,69
63,64
63,60
59,56
75,65
68,69
66,64
50,43
53,45
61,61
56,57
68,70
67,66
60,62
62,64
60,63
67,64
67,64
61,61
66,66
59,62
63,61
65,67
68,70
68,69
50,46
48,44
67,62
67,67
59,60
67,68
21,14
63,69
47,39
65,69
65,59
48,27
13,9
47,42
18,11
53,47
60,63
60,48
60,57
60,64
61,58
63,67
67,65
65,64
53,42
57,59
63,57
63,61
52,49
43,36
59,58
62,61
63,63
68,70
57,50
59,66
62,63
62,61
64,61
69,64
11,10
64,62
56,49
57,55
66,62
49,63
66,57
56,22
63,60
61,58
28,18
36,38
67,70
67,70
52,38
52,36
59,60
19,16
61,61
60,61
63,56
57,58
68,69
62,60
52,58
41,35
61,32
64,62
59,56
64,56
63,64
65,69
66,66
43,39
61,57
64,64
63,63
59,58
54,57
64,60
60,62
40,18
68,65
57,55
62,64
60,52
61,69
23,17
64,66
63,56
18,16
64,61
60,62
62,66
58,55
60,62
73,75
21,16
65,63
66,67
66,65
64,65
68,68
64,65
49,31
55,42
63,69
61,65
65,59
68,69
66,64
55,18
51,43
60,62
60,62
60,54
65,57
68,61
66,69
51,39
42,38
66,66
46,46
62,56
64,64
68,70
65,65
67,69
44,40
60,63
62,61
17,20
62,66
68,72
20,11
59,58
66,65
70,56
49,41
59,53
66,65
58,61
64,65
62,58
61,63
64,63
65,63
70,68
53,48
62,63
58,55
63,69
18,9
62,63
65,55
10,14
39,33
50,38
25,21
62,63
49,26
55,57
45,29
65,54
13,23
47,52
68,68
66,65
67,72
62,55
64,59
62,59
62,65
71,68
55,45
55,45
50,49
52,46
66,63
58,59
63,62
72,54
61,64
47,43
67,62
67,69
49,34
56,52
54,41
54,51
44,30
20,15
65,63
64,57
66,64
65,66
57,48
62,71
45,29
40,58
53,43
64,56
66,64
60,48
42,26
60,50
22,13
62,65
64,62
59,55
41,44
45,26
33,14
50,28
62,58
65,62
61,68
67,64
64,60
14,16
39,28
66,68
69,69
60,61
61,53
63,59
68,70
66,61
69,71
60,53
64,68
69,67
10,10
64,65
64,58
59,39
59,39
63,62
67,68
61,60
66,61
16,21
55,58
64,65
68,59
60,65
64,65
64,67
61,57
65,46
56,61
64,64
22,11
65,52
67,68
61,54
44,35
23,18
41,32
64,60
43,38
44,35
62,64
62,62
64,62
62,63
49,44
66,66
64,59
55,43
69,71
21,21
67,57
36,30
63,63
64,63
62,45
70,60
61,55
23,25
64,63
63,66
16,16
63,57
58,58
64,59
66,62
51,29
57,43
29,17
59,50
61,65
68,73
66,67
50,52
64,59
62,62
62,62
65,61
58,58
28,21
46,43
18,19
63,61
59,52
46,29
65,63
58,48
58,66
65,70
53,48
64,56
61,62
69,68
60,58
65,70
67,66
63,65
69,64
68,57
24,12
18,16
64,63
64,59
63,63
64,63
60,64
58,54
8,14
22,11
59,59
45,40
61,55
62,60
51,45
68,61
60,52
24,19
58,59
17,12
57,63
22,15
61,62
60,59
14,19
62,64
58,53
57,52
62,64
67,58
63,64
59,61
68,67
64,62
67,62
60,64
63,59
59,51
59,51
63,58
33,23
62,61
64,66
61,56
53,45
46,27
25,18
65,69
66,74
66,57
64,68
58,56
65,59
62,59
61,59
63,62
64,64
67,65
29,12
58,37
64,71
65,66
64,60
44,22
22,10
60,52
66,61
66,64
63,63
41,37
55,54
55,63
68,68
55,57
66,63
67,69
67,66
65,65
41,23
68,56
66,67
62,55
61,64
62,57
64,63
66,69
60,60
65,68
19,15
61,62
56,52
64,54
68,68
64,63
53,54
19,17
51,42
66,70
29,22
29,22
63,65
47,37
33,12
53,48
64,69
45,34
68,54
59,54
31,35
63,64
63,50
67,64
70,70
63,69
12,7
66,65
22,17
62,62
65,66
62,65
56,57
66,57
65,69
24,18
65,55
67,68
55,67
62,63
62,56
13,13
55,37
63,68
45,33
60,43
66,61
33,31
65,54
67,65
54,35
68,69
66,67
64,62
42,18
54,48
59,22
75,76
48,21
61,56
68,65
62,55
58,55
62,63
52,63
65,54
16,12
75,63
66,71
22,14
65,63
64,70
64,70
64,67
23,16
42,24
61,59
69,69
31,25
72,59
62,67
63,71
63,68
65,67
23,19
24,14
63,67
23,12
61,60
66,65
65,64
64,70
56,38
67,60
65,64
68,62
68,67
65,67
54,40
21,12
65,57
66,55
63,61
54,55
66,62
63,68
57,58
47,34
16,13
62,51
69,69
35,15
60,59
59,58
62,65
61,58
63,60
55,53
62,27
15,12
61,59
63,61
62,64
19,12
68,64
66,64
61,59
59,45
65,70
65,60
57,63
65,61
43,32
43,32
63,58
72,72
16,7
66,65
45,42
67,73
69,65
23,15
63,58
63,62
57,64
60,57
63,59
60,59
63,62
60,62
61,57
52,54
60,59
51,45
59,53
65,62
52,49
63,64
18,19
63,62
60,55
62,66
41,44
62,51
48,33
61,53
64,63
61,60
65,63
65,64
64,59
63,61
10,8
67,69
65,67
65,61
61,59
48,45
64,68
51,49
65,56
62,54
62,60
59,56
64,63
52,55
60,65
58,55
60,58
34,27
54,48
69,55
59,57
41,29
41,29
54,47
15,21
63,65
54,59
65,62
64,54
63,53
53,65
55,58
65,60
53,58
25,15
14,13
64,59
48,40
23,11
63,65
25,15
22,20
68,69
56,61
57,64
66,67
67,59
63,67
40,25
43,40
63,49
58,59
64,63
64,56
66,66
63,61
44,30
20,14
28,10
63,63
26,13
50,31
41,30
65,41
58,50
63,65
62,57
65,62
22,13
62,62
57,48
60,57
62,61
65,61
57,56
58,61
53,55
58,60
61,63
51,55
57,51
59,55
58,56
58,56
24,21
44,27
47,56
64,65
52,50
58,56
50,60
63,60
27,20
56,51
55,46
56,62
70,62
57,53
60,52
21,15
65,64
60,61
69,68
17,20
62,63
54,55
66,65
63,59
59,58
66,63
62,68
71,69
63,62
24,12
50,32
62,65
56,58
60,58
57,60
65,64
62,63
59,71
59,62
55,40
68,67
65,72
66,59
66,60
17,14
64,67
60,64
68,63
62,65
23,16
56,57
58,64
64,65
23,11
67,66
41,23
62,65
35,27
72,68
62,56
62,56
62,53
59,62
45,34
60,62
22,27
57,56
49,24
68,74
12,7
64,67
62,61
16,11
64,62
65,64
58,59
44,33
60,58
62,50
62,65
55,48
62,60
64,63
60,55
66,65
64,61
64,66
64,64
16,15
19,14
65,61
65,64
65,62
19,14
11,13
56,65
61,64
62,64
59,55
56,45
67,66
67,63
68,58
63,54
57,58
64,63
36,30
68,51
58,59
56,59
48,40
64,62
61,56
65,65
63,65
51,23
64,45
65,66
64,68
67,69
65,67
65,67
68,62
63,61
45,22
59,58
53,59
60,57
64,68
62,52
59,52
37,28
61,46
63,59
60,53
49,47
63,61
59,39
65,65
54,51
68,72
73,73
66,68
59,53
53,25
56,53
61,56
40,35
67,65
13,16
55,47
61,43
63,57
65,67
52,49
61,63
48,38
63,64
62,59
65,61
55,58
63,66
68,67
64,65
33,12
59,57
68,67
64,52
67,73
60,53
54,63
18,22
63,62
24,13
30,14
52,38
59,54
64,64
62,56
60,55
34,21
25,12
25,12
62,59
19,18
65,63
54,53
20,13
58,62
44,31
68,64
51,54
62,64
57,43
56,44
53,59
19,13
57,64
65,62
58,55
57,54
62,59
59,63
63,59
59,56
60,65
61,64
55,45
62,62
60,61
63,60
59,56
64,59
13,12
62,49
59,61
46,37
58,40
60,61
23,15
51,38
66,63
68,70
58,49
60,62
61,61
66,67
60,64
52,31
60,63
60,57
48,51
63,73
41,33
67,61
64,59
66,68
63,66
11,7
52,33
59,62
19,18
59,63
59,63
67,64
65,70
68,57
64,66
12,21
63,64
20,11
56,61
53,47
60,58
57,54
64,68
63,57
64,58
58,54
41,38
56,46
59,56
64,61
54,44
48,32
51,30
60,64
55,29
60,57
24,13
58,59
57,40
65,58
55,62
60,63
65,62
23,16
55,37
17,12
52,17
66,69
62,63
54,47
63,68
61,63
19,17
63,60
66,60
67,57
45,54
62,55
63,63
57,62
58,55
59,52
63,59
64,56
69,70
62,64
45,38
62,55
40,30
63,64
64,66
64,66
56,46
61,57
66,72
14,6
68,66
33,37
61,67
63,64
62,63
70,72
63,62
60,62
72,64
23,11
55,51
65,67
61,60
67,66
14,15
61,66
67,65
12,22
65,62
59,51
55,49
63,65
51,46
69,72
57,59
61,67
60,51
65,64
64,64
62,66
60,64
59,60
63,69
41,33
58,59
52,41
60,62
62,62
60,60
63,63
53,54
48,42
57,44
63,62
68,68
43,35
23,9
61,61
62,60
16,7
21,20
58,59
52,34
41,57
63,66
62,59
62,59
54,51
63,67
37,33
52,38
65,59
58,55
61,60
61,65
64,54
59,58
19,12
59,55
64,61
56,52
59,64
44,27
61,66
56,58
20,13
65,61
11,4
62,60
64,61
57,55
54,52
64,62
65,64
70,71
59,62
64,64
65,68
58,59
14,13
59,56
61,63
66,67
64,67
41,29
60,60
20,18
64,66
65,68
61,62
63,64
66,64
66,64
64,64
67,65
50,61
66,64
64,66
59,47
53,35
66,68
19,17
70,64
65,66
65,62
63,65
64,62
64,62
64,61
47,29
61,61
56,60
61,63
66,64
47,22
28,11
54,60
54,67
60,54
66,75
65,66
64,61
54,61
62,52
26,14
55,38
18,12
50,38
65,62
19,17
63,59
13,10
64,63
64,60
53,31
67,74
50,37
64,65
63,64
67,67
60,56
22,18
52,53
57,51
50,63
64,54
42,39
57,65
57,60
64,67
48,31
66,64
62,65
63,59
17,14
48,46
55,27
63,61
62,62
65,59
65,64
61,63
64,53
65,62
44,27
21,18
57,53
64,65
64,65
62,65
61,63
70,66
17,5
64,56
64,52
63,65
16,19
64,73
64,63
15,10
63,68
22,19
54,30
59,34
17,16
48,51
66,63
61,58
53,49
58,58
60,59
63,61
71,70
61,59
60,65
57,57
60,67
67,69
60,64
43,45
44,31
55,54
62,57
41,39
55,63
53,53
57,35
63,61
57,63
57,52
66,67
56,60
58,59
57,58
47,27
68,68
59,63
54,63
62,60
46,49
17,13
62,64
23,14
20,11
58,48
64,66
62,66
60,56
63,61
63,61
29,26
64,62
42,38
65,58
47,44
24,16
54,47
62,64
60,69
67,68
65,67
67,63
22,15
61,57
62,59
61,68
61,60
14,10
59,61
48,26
56,48
66,59
48,28
63,68
52,60
59,59
63,76
59,61
66,65
71,76
59,51
56,58
64,66
53,55
23,13
68,68
43,59
65,69
59,61
20,17
62,61
40,35
62,59
62,60
65,55
61,47
39,34
57,56
28,13
58,63
64,66
66,63
62,61
64,58
66,62
63,62
59,61
60,55
65,65
61,59
61,59
63,62
45,47
65,66
22,13
62,58
68,66
62,58
66,56
72,66
62,65
24,11
13,9
64,66
32,8
60,63
65,64
53,40
62,69
68,66
66,64
37,32
63,53
63,63
24,11
68,65
63,62
62,63
18,11
59,60
21,11
50,42
12,9
63,61
67,64
33,29
22,10
20,12
61,65
62,48
65,62
60,58
44,22
57,48
61,57
63,57
24,12
65,61
64,62
61,63
64,60
62,51
63,59
63,60
56,50
57,61
42,39
63,60
62,64
44,27
68,63
68,63
64,55
62,64
64,68
65,60
62,49
62,57
49,52
22,17
60,64
66,67
60,64
58,60
61,58
13,19
59,53
56,59
56,40
60,64
61,65
61,58
51,56
55,43
62,60
52,57
63,66
46,25
58,52
69,69
64,64
58,51
10,14
65,59
61,63
65,66
55,51
58,53
68,70
18,7
64,61
62,53
65,66
56,32
48,41
59,55
59,61
63,54
26,14
58,50
43,35
58,63
68,65
61,54
67,66
62,64
32,18
63,66
59,53
67,58
58,57
66,63
66,63
66,64
58,62
61,65
63,63
65,62
59,58
50,29
62,53
63,65
60,53
52,54
64,62
28,19
63,64
54,56
63,64
59,64
61,59
64,65
57,26
63,67
51,46
58,54
13,12
64,63
43,37
63,59
50,36
60,62
62,61
59,62
68,68
61,69
50,40
59,57
61,57
62,57
53,51
63,62
56,58
61,64
21,12
65,65
65,65
59,62
61,57
57,53
64,64
64,65
61,60
66,67
66,59
64,63
60,31
62,49
23,11
58,76
62,63
66,65
66,68
66,68
64,62
69,67
64,60
61,58
65,57
45,34
67,69
44,16
12,22
56,56
66,63
59,64
64,42
63,66
63,63
63,58
56,47
61,65
21,14
65,61
72,73
10,11
60,62
64,58
60,65
59,60
66,61
58,57
69,65
41,33
66,66
61,59
66,70
51,35
65,64
60,60
60,64
62,61
13,11
16,14
65,63
57,58
62,57
66,68
24,7
62,64
43,30
62,67
15,9
52,32
63,68
63,59
37,31
61,62
63,62
19,17
59,56
62,55
58,55
39,47
39,47
49,30
58,48
55,57
45,36
63,64
65,73
63,62
66,65
23,19
66,66
64,66
62,59
60,45
55,54
18,9
23,19
59,56
55,57
60,32
44,22
16,6
46,44
70,71
55,64
13,16
64,68
60,61
63,61
51,43
63,62
23,17
51,53
60,32
22,12
64,60
54,22
16,19
65,69
55,52
57,58
44,38
53,26
47,41
66,72
54,40
57,59
51,41
38,32
55,56
19,12
69,63
67,68
59,59
64,58
64,59
60,63
61,56
46,51
60,64
59,58
59,58
59,57
55,52
65,64
65,67
64,61
61,62
60,70
59,57
55,41
17,10
68,65
15,16
61,57
62,60
53,51
63,54
35,25
57,55
55,56
62,61
66,65
49,33
65,66
65,68
67,65
55,48
62,63
60,60
60,61
60,59
59,60
58,48
58,48
47,43
51,33
63,69
59,61
55,60
58,59
63,66
61,64
62,61
64,66
61,58
61,62
63,64
67,66
60,61
62,58
59,56
66,67
54,52
45,35
61,62
59,59
66,68
69,61
59,59
59,57
60,58
60,58
73,74
60,65
65,52
58,62
58,52
43,30
35,13
44,21
25,7
63,57
33,28
53,47
20,19
64,63
60,62
42,44
49,39
62,64
59,51
62,60
60,61
16,12
20,14
61,64
37,28
57,51
71,70
31,20
61,60
26,21
60,61
64,69
62,53
61,62
51,52
59,63
62,58
71,62
56,56
23,15
50,39
65,57
58,63
64,63
67,68
38,31
51,42
60,51
67,60
59,59
57,57
56,34
61,63
60,62
65,63
42,33
40,31
61,63
61,58
60,61
60,61
61,51
56,60
64,58
64,62
52,48
59,55
57,61
60,62
62,65
62,60
35,32
67,72
63,61
60,58
37,35
19,11
65,66
64,55
55,58
60,58
57,70
58,62
24,22
62,54
66,59
63,58
60,58
63,66
56,49
64,69
61,49
51,56
56,47
63,58
54,61
59,59
63,40
66,62
52,56
59,58
54,63
60,56
55,60
65,62
62,61
46,64
25,11
18,12
64,65
67,61
61,60
55,39
57,66
65,43
56,65
67,61
65,56
67,68
23,20
60,63
60,63
63,65
57,59
66,60
41,31
64,69
46,42
58,58
60,46
63,58
45,28
48,35
65,63
64,64
63,62
62,59
64,65
65,63
62,60
19,17
59,58
62,62
39,23
61,60
59,39
60,56
57,58
57,64
67,69
19,15
61,64
55,55
51,49
57,53
57,53
67,60
57,58
34,24
64,63
66,59
57,52
58,58
58,55
62,65
68,65
59,61
50,41
57,55
24,17
22,13
37,31
56,59
42,40
66,65
63,61
60,61
55,51
61,48
63,62
66,63
58,50
58,50
61,54
61,62
58,55
59,63
21,16
51,45
55,50
59,58
64,58
59,60
61,56
55,55
59,62
65,68
62,60
67,68
62,66
65,60
61,65
20,11
63,61
64,62
66,64
44,28
63,68
67,66
65,66
63,68
39,45
64,66
67,62
67,68
60,54
63,57
67,58
67,65
62,56
61,63
66,63
20,16
42,28
56,58
56,41
64,62
41,40
51,53
57,62
64,62
47,32
55,53
61,54
60,63
62,68
60,65
40,60
63,63
42,39
60,65
54,42
63,59
63,59
62,68
62,63
56,35
62,63
54,43
58,62
62,57
60,57
55,58
65,63
36,13
66,68
64,71
24,13
58,62
67,70
61,64
59,55
32,39
65,64
56,54
56,55
65,69
11,8
60,62
60,55
60,61
64,68
61,63
58,60
64,63
60,63
25,8
63,55
62,61
64,57
62,61
61,59
62,65
56,58
48,49
60,54
19,14
60,58
51,45
65,67
61,65
68,71
61,60
70,65
62,57
45,41
60,66
25,10
63,64
49,33
51,42
62,63
30,15
49,36
49,36
69,64
66,65
59,38
48,53
59,61
62,66
60,56
58,54
67,68
59,67
64,62
60,64
22,14
58,57
46,42
59,60
59,48
60,61
62,64
62,63
37,44
65,54
57,65
54,49
62,68
39,38
60,49
44,43
60,60
59,57
67,63
61,63
56,44
60,58
55,53
18,10
63,57
66,57
65,68
60,56
60,64
64,60
60,58
58,49
65,65
22,11
54,61
55,45
17,15
63,61
46,38
60,61
62,60
66,70
12,10
60,61
61,70
66,74
57,59
63,68
